Wavenumber_cm-1,Absorbance
3680,0.11850
3675,0.12660
3670,0.13440
3665,0.14227
3660,0.15075
3655,0.16037
3650,0.17163
3645,0.18484
3640,0.20007
3635,0.21713
3630,0.23564
3625,0.25504
3620,0.27475
3615,0.29426
3610,0.31323
3605,0.33155
3600,0.34934
3595,0.36694
3590,0.38480
3585,0.40339
3580,0.42310
3575,0.44414
3570,0.46647
3565,0.48982
3560,0.51369
3555,0.53749
3550,0.56060
3545,0.58250
3540,0.60288
3535,0.62163
3530,0.63892
3525,0.65510
3520,0.67065
3515,0.68605
3510,0.70168
3505,0.71771
3500,0.73409
3495,0.75055
3490,0.76660
3485,0.78166
3480,0.79517
3475,0.80670
3470,0.81598
3465,0.82303
3460,0.82809
3455,0.83159
3450,0.83407
3445,0.83603
3440,0.83786
3435,0.83977
3430,0.84170
3425,0.84387
3420,0.84633
3415,0.84853
3410,0.84995
3405,0.85018
3400,0.84904
3395,0.84658
3390,0.84308
3385,0.83900
3380,0.83485
3375,0.83113
3370,0.82818
3365,0.82613
3360,0.82486
3355,0.82403
3350,0.82313
3345,0.82160
3340,0.81891
3335,0.81470
3330,0.80881
3325,0.80137
3320,0.79269
3315,0.78328
3310,0.77368
3305,0.76441
3300,0.75580
3295,0.74799
3290,0.74085
3285,0.73407
3280,0.72716
3275,0.71961
3270,0.71096
3265,0.70093
3260,0.68948
3255,0.67678
3250,0.66327
3245,0.64948
3240,0.63600
3235,0.62334
3230,0.61183
3225,0.60159
3220,0.59245
3215,0.58407
3210,0.57595
3205,0.56756
3200,0.55847
3195,0.54840
3190,0.53731
3185,0.52542
3180,0.51312
3175,0.50094
3170,0.48942
3165,0.47898
3160,0.46989
3155,0.46215
3150,0.45552
3145,0.44957
3140,0.44374
3135,0.43747
3130,0.43030
3125,0.42197
3120,0.41246
3115,0.40198
3110,0.39096
3105,0.37990
3100,0.36935
3095,0.35971
3090,0.35121
3085,0.34384
3080,0.33737
3075,0.33138
3070,0.32538
3065,0.31890
3060,0.31160
3055,0.30337
3050,0.29434
3045,0.28491
3040,0.27562
3035,0.26715
3030,0.26010
3025,0.25494
3020,0.25190
3015,0.25091
3010,0.25165
3005,0.25357
3000,0.25601
2995,0.25833
2990,0.26006
2985,0.26098
2980,0.26122
2975,0.26121
2970,0.26168
2965,0.26339
2960,0.26699
2955,0.27273
2950,0.28026
2945,0.28855
2940,0.29596
2935,0.30057
2930,0.30054
2925,0.29459
2920,0.28237
2915,0.26463
2910,0.24310
2905,0.22019
2900,0.19846
2895,0.18020
2890,0.16696
2885,0.15937
2880,0.15707
2875,0.15882
2870,0.16283
2865,0.16702
2860,0.16946
2855,0.16863
2850,0.16371
2845,0.15462
2840,0.14201
2835,0.12704
2830,0.11115
2825,0.09579
2820,0.08212
2815,0.07088
2810,0.06234
2805,0.05628
2800,0.05215
2795,0.04921
2790,0.04666
2785,0.04385
2780,0.04034
2775,0.03599
2770,0.03094
2765,0.02557
2760,0.02039
2755,0.01594
2750,0.01267
2745,0.01083
2740,0.01044
2735,0.01127
2730,0.01290
2725,0.01479
2720,0.01640
2715,0.01730
2710,0.01724
2705,0.01622
2700,0.01448
2695,0.01243
2690,0.01059
2685,0.00946
2680,0.00942
2675,0.01066
2670,0.01309
2665,0.01643
2660,0.02019
2655,0.02379
2650,0.02669
2645,0.02845
2640,0.02888
2635,0.02800
2630,0.02610
2625,0.02361
2620,0.02109
2615,0.01903
2610,0.01781
2605,0.01761
2600,0.01835
2595,0.01973
2590,0.02128
2585,0.02247
2580,0.02282
2575,0.02198
2570,0.01984
2565,0.01651
2560,0.01236
2555,0.00791
2550,0.00372
2545,0.00033
2540,0.00000
2535,0.00000
2530,0.00000
2525,0.00000
2520,0.00044
2515,0.00200
2510,0.00298
2505,0.00305
2500,0.00213
2495,0.00036
2490,0.00000
2485,0.00000
2480,0.00000
2475,0.00000
2470,0.00000
2465,0.00000
2460,0.00000
2455,0.00325
2450,0.00747
2445,0.01136
2440,0.01443
2435,0.01636
2430,0.01706
2425,0.01670
2420,0.01566
2415,0.01445
2410,0.01359
2405,0.01353
2400,0.01456
2395,0.01673
2390,0.01982
2385,0.02348
2380,0.02721
2375,0.03052
2370,0.03305
2365,0.03464
2360,0.03539
2355,0.03567
2350,0.03600
2345,0.03697
2340,0.03907
2335,0.04256
2330,0.04736
2325,0.05309
2320,0.05913
2315,0.06477
2310,0.06941
2305,0.07269
2300,0.07461
2295,0.07550
2290,0.07598
2285,0.07683
2280,0.07886
2275,0.08272
2270,0.08876
2265,0.09692
2260,0.10669
2255,0.11713
2250,0.12703
2245,0.13508
2240,0.14014
2235,0.14146
2230,0.13880
2225,0.13249
2220,0.12335
2215,0.11254
2210,0.10136
2205,0.09105
2200,0.08265
2195,0.07686
2190,0.07395
2185,0.07370
2180,0.07543
2175,0.07804
2170,0.08020
2165,0.08060
2160,0.07832
2155,0.07301
2150,0.06503
2145,0.05528
2140,0.04501
2135,0.03543
2130,0.02746
2125,0.02162
2120,0.01797
2115,0.01620
2110,0.01574
2105,0.01590
2100,0.01600
2095,0.01547
2090,0.01394
2085,0.01132
2080,0.00776
2075,0.00364
2070,0.00000
2065,0.00000
2060,0.00000
2055,0.00000
2050,0.00000
2045,0.00000
2040,0.00000
2035,0.00000
2030,0.00042
2025,0.00209
2020,0.00281
2015,0.00252
2010,0.00143
2005,0.00000
2000,0.00000
1995,0.00000
1990,0.00000
1985,0.00000
1980,0.00192
1975,0.00560
1970,0.00984
1965,0.01406
1960,0.01771
1955,0.02031
1950,0.02162
1945,0.02159
1940,0.02046
1935,0.01863
1930,0.01663
1925,0.01498
1920,0.01409
1915,0.01418
1910,0.01522
1905,0.01697
1900,0.01898
1895,0.02072
1890,0.02168
1885,0.02149
1880,0.01994
1875,0.01713
1870,0.01334
1865,0.00907
1860,0.00490
1855,0.00136
1850,0.00000
1845,0.00000
1840,0.00000
1835,0.00000
1830,0.00018
1825,0.00167
1820,0.00265
1815,0.00277
1810,0.00190
1805,0.00016
1800,0.00000
1795,0.00000
1790,0.00000
1785,0.00028
1780,0.01540
1775,0.05114
1770,0.11874
1765,0.22194
1760,0.34563
1755,0.45373
1750,0.50560
1745,0.48257
1740,0.40119
1735,0.30025
1730,0.21460
1725,0.15885
1720,0.12963
1715,0.11680
1710,0.11203
1705,0.11112
1700,0.11270
1695,0.11641
1690,0.12190
1685,0.12847
1680,0.13518
1675,0.14104
1670,0.14529
1665,0.14753
1660,0.14785
1655,0.14673
1650,0.14492
1645,0.14324
1640,0.14237
1635,0.14261
1630,0.14383
1625,0.14540
1620,0.14634
1615,0.14548
1610,0.14177
1605,0.13451
1600,0.12352
1595,0.10926
1590,0.09274
1585,0.07537
1580,0.05871
1575,0.04421
1570,0.03305
1565,0.02593
1560,0.02312
1555,0.02441
1550,0.02923
1545,0.03667
1540,0.04565
1535,0.05495
1530,0.06337
1525,0.06988
1520,0.07381
1515,0.07504
1510,0.07407
1505,0.07205
1500,0.07063
1495,0.07162
1490,0.07654
1485,0.08604
1480,0.09953
1475,0.11500
1470,0.12945
1465,0.13968
1460,0.14345
1455,0.14027
1450,0.13166
1445,0.12057
1440,0.11030
1435,0.10326
1430,0.10027
1425,0.10047
1420,0.10197
1415,0.10270
1410,0.10123
1405,0.09726
1400,0.09152
1395,0.08530
1390,0.07978
1385,0.07558
1380,0.07249
1375,0.06980
1370,0.06679
1365,0.06322
1360,0.05956
1355,0.05679
1350,0.05594
1345,0.05754
1340,0.06130
1335,0.06617
1330,0.07063
1325,0.07324
1320,0.07307
1315,0.07006
1310,0.06504
1305,0.05962
1300,0.05573
1295,0.05523
1290,0.05932
1285,0.06823
1280,0.08099
1275,0.09556
1270,0.10932
1265,0.11972
1260,0.12505
1255,0.12497
1250,0.12064
1245,0.11439
1240,0.10889
1235,0.10624
1230,0.10730
1225,0.11148
1220,0.11717
1215,0.12255
1210,0.12635
1205,0.12834
1200,0.12922
1195,0.13006
1190,0.13173
1185,0.13442
1180,0.13767
1175,0.14060
1170,0.14243
1165,0.14285
1160,0.14227
1155,0.14177
1150,0.14277
1145,0.14653
1140,0.15356
1135,0.16322
1130,0.17364
1125,0.18212
1120,0.18596
1115,0.18337
1110,0.17431
1105,0.16066
1100,0.14572
1095,0.13309
1090,0.12545
1085,0.12372
1080,0.12694
1075,0.13318
1070,0.14079
1065,0.14942
1060,0.15998
1055,0.17352
1050,0.18950
1045,0.20487
1040,0.21469
1035,0.21445
1030,0.20256
1025,0.18161
1020,0.15734
1015,0.13612
1010,0.12225
1005,0.11664
1000,0.11714
995,0.12006
990,0.12188
985,0.12048
980,0.11562
975,0.10855
970,0.10121
965,0.09532
960,0.09160
955,0.08961
950,0.08804
945,0.08550
940,0.08128
935,0.07590
930,0.07100
925,0.06868
920,0.07039
915,0.07590
910,0.08297
905,0.08811
900,0.08830
895,0.08263
890,0.07292
885,0.06278
880,0.05571
875,0.05345
870,0.05540
865,0.05939
860,0.06299
855,0.06479
850,0.06495
845,0.06489
840,0.06627
835,0.06973
830,0.07423
825,0.07733
820,0.07652
815,0.07063
810,0.06062
805,0.04902
800,0.03862
