Wavenumber_cm-1,Absorbance_au
4000,0.056267304824996756
3999,0.056096852874594316
3998,0.05605852240251288
3997,0.05607724954551112
3996,0.056077970440347714
3995,0.055985621223781465
3994,0.05570806670253218
3993,0.0544120936446888
3992,0.05426680334562674
3991,0.054098336032066624
3990,0.05219444189875796
3989,0.050313096948774415
3988,0.04923733921484421
3987,0.04932324262525874
3986,0.04908125478690257
3985,0.04847807134298766
3984,0.04924257921210697
3983,0.05015307112974874
3982,0.052508968069833406
3981,0.052835693093831924
3980,0.052413646409241274
3979,0.05297210335076135
3978,0.05220771792087284
3977,0.05288871127486512
3976,0.05268300977988407
3975,0.05187893604685518
3974,0.0519224720098525
3973,0.05308196824147368
3972,0.05491880701430282
3971,0.05465331209694261
3970,0.05560230845437858
3969,0.055872991879660765
3968,0.05610393616924084
3967,0.05603508771328363
3966,0.05450602550005997
3965,0.053142265901577806
3964,0.0521289342398633
3963,0.05319356954065384
3962,0.05393002851361475
3961,0.05434193877079732
3960,0.055159647625133736
3959,0.054717943241607496
3958,0.054554831953514994
3957,0.05379835235512235
3956,0.05359915953278918
3955,0.05259202159475138
3954,0.052722174072170426
3953,0.052928440423542944
3952,0.05255763894838227
3951,0.05243485597301257
3950,0.051889936545432065
3949,0.05224861178064104
3948,0.0518091550588199
3947,0.05199517759384554
3946,0.05208908622340331
3945,0.051521532611981856
3944,0.05132073435804848
3943,0.05079287214178131
3942,0.049247570090652025
3941,0.04717709825516007
3940,0.046010965079843154
3939,0.046437372422896146
3938,0.045511382292242046
3937,0.04523635270805632
3936,0.04571165429190511
3935,0.04617096884660873
3934,0.045682991947103894
3933,0.04632646460765627
3932,0.04533779475441848
3931,0.04546579243526806
3930,0.043874474953815856
3929,0.043519067936475704
3928,0.042631593263068854
3927,0.04216822201200249
3926,0.04233932466420789
3925,0.040368736167575456
3924,0.03871615038796035
3923,0.038156386448636996
3922,0.038586154603192944
3921,0.04034057953673253
3920,0.03920401060363441
3919,0.03908789941565825
3918,0.03960348738758177
3917,0.04043684013671094
3916,0.04099091348368941
3915,0.040354243289242066
3914,0.039883120336676445
3913,0.04066116328644303
3912,0.04199919367230109
3911,0.042332688978479416
3910,0.042376214202512814
3909,0.041046243915533444
3908,0.040869972514460236
3907,0.040988331817827926
3906,0.04076041704720064
3905,0.041521921532862785
3904,0.04141072009835901
3903,0.04216920135200099
3902,0.04242697658310719
3901,0.042463879030672114
3900,0.04243534194639257
3899,0.041359152898418884
3898,0.04260513509354692
3897,0.04408163310529876
3896,0.04576311473497267
3895,0.047874777420428664
3894,0.04745025696646583
3893,0.04717512433271286
3892,0.04600226996878722
3891,0.04618302637833746
3890,0.045938617711912454
3889,0.046021600258290156
3888,0.04763551978783275
3887,0.047377172488561284
3886,0.0478937312122494
3885,0.04848507913386721
3884,0.0482215991987748
3883,0.047015743786320334
3882,0.047077044481695064
3881,0.04750572696871107
3880,0.04656758836014424
3879,0.04778108316633575
3878,0.04797615560980452
3877,0.046491693936698164
3876,0.04632119135741776
3875,0.046352856482805314
3874,0.04553635588567419
3873,0.044239364746959345
3872,0.04353651254125997
3871,0.042132271327104155
3870,0.0406025525435816
3869,0.04243195540072974
3868,0.04252888514138007
3867,0.042271731724239925
3866,0.043607043501899104
3865,0.04370218658690998
3864,0.04268050127540871
3863,0.043897829012214916
3862,0.04293516600394734
3861,0.04285650358820023
3860,0.04187488203673198
3859,0.043516718330307146
3858,0.04354997258209173
3857,0.04251122721464529
3856,0.04277030345266764
3855,0.04208508123411778
3854,0.04216989409530143
3853,0.04386645086528572
3852,0.043347417870702835
3851,0.04369351935072799
3850,0.04474613137079476
3849,0.04529201164797512
3848,0.04599731756358855
3847,0.04668584113016433
3846,0.04690211341781475
3845,0.047937876972376794
3844,0.04797027381103152
3843,0.04841417172669123
3842,0.049267849443634854
3841,0.04938219444123197
3840,0.050130238828807114
3839,0.050018203753774325
3838,0.05141373979060708
3837,0.053894763470626
3836,0.05493264950430113
3835,0.05622453418179253
3834,0.05576716614194692
3833,0.055399590005954
3832,0.05540957907118197
3831,0.05444279948476892
3830,0.054332690782683504
3829,0.054763543866258466
3828,0.05512773378431939
3827,0.05793743539806639
3826,0.058753781370208695
3825,0.060821534270154146
3824,0.0627862146018917
3823,0.06356486619828237
3822,0.06307915808780132
3821,0.06293765872007666
3820,0.06208339511158388
3819,0.06183993974698472
3818,0.06134336445571038
3817,0.061893631688390474
3816,0.06133158447344978
3815,0.06195815434155997
3814,0.06175942369688102
3813,0.06148088816459736
3812,0.06128533727785229
3811,0.060865403354680714
3810,0.06026400031137366
3809,0.06106470587933676
3808,0.06147453839296577
3807,0.06205553460997208
3806,0.06264670684507459
3805,0.06144831902830373
3804,0.060624441984468765
3803,0.06082782248362741
3802,0.061510854992675904
3801,0.06236648651495856
3800,0.06289322577702128
3799,0.06278686970565471
3798,0.0621233270623009
3797,0.062080071579868154
3796,0.06107762626319562
3795,0.06171134722910145
3794,0.06252644856054464
3793,0.06366140376451337
3792,0.06540434502232302
3791,0.06766520512186994
3790,0.06733950331648564
3789,0.06684470347310537
3788,0.06577234043582625
3787,0.06424321660930923
3786,0.06195165616481625
3785,0.061502129076483295
3784,0.06243175853818025
3783,0.06214334132054972
3782,0.06327339358689835
3781,0.06353149384388103
3780,0.06274714255533588
3779,0.06369280969276775
3778,0.06428577118293748
3777,0.06443140296886951
3776,0.06362122627255994
3775,0.06396635954045891
3774,0.06573046380810102
3773,0.06566995184440785
3772,0.06726349455503394
3771,0.06629566754710518
3770,0.0670320525816911
3769,0.06991961860184859
3768,0.07085406778679654
3767,0.07135736579376485
3766,0.07085074909502158
3765,0.07208402719635242
3764,0.07190385239309172
3763,0.07189375483224873
3762,0.07196604353614497
3761,0.07250706024530264
3760,0.07412783718058269
3759,0.07561927344927459
3758,0.07527397303199151
3757,0.07476782589029396
3756,0.07499869022947458
3755,0.0768398597060014
3754,0.0764382451607529
3753,0.07620489282527491
3752,0.07761628941560686
3751,0.08065271791864012
3750,0.08114947989639636
3749,0.08075837260073147
3748,0.08106914107566489
3747,0.07993785735081732
3746,0.08024115625168557
3745,0.08095807437945572
3744,0.07952240041211409
3743,0.08003546508776355
3742,0.07973358352724437
3741,0.07920526837917888
3740,0.07776210080211012
3739,0.07530486293381773
3738,0.07624898344541842
3737,0.07565466006242025
3736,0.07578817941638331
3735,0.07662036458849816
3734,0.07861512822737018
3733,0.07981666837763024
3732,0.07971565979705778
3731,0.0803158519072833
3730,0.08020123187078024
3729,0.07951809854437045
3728,0.08095770991837008
3727,0.08026297841375815
3726,0.07988641362114983
3725,0.07942417887525517
3724,0.08004011385284349
3723,0.07908372878839705
3722,0.08117842183143736
3721,0.08117217115857976
3720,0.08264590070453044
3719,0.08317918084794207
3718,0.08340211182422211
3717,0.08342090491265812
3716,0.08403376156448034
3715,0.08378899531696782
3714,0.08369394834819058
3713,0.08389404148658143
3712,0.08454086074575251
3711,0.08438290752441278
3710,0.08701330746274946
3709,0.08667164805293019
3708,0.0875397121200195
3707,0.08892475178845559
3706,0.0907855356152865
3705,0.09275830263542416
3704,0.09418756586011874
3703,0.09451234888769787
3702,0.09478390898266692
3701,0.09623696855689223
3700,0.09746718165117113
3699,0.09749658612902545
3698,0.09945438274437894
3697,0.10047156723501967
3696,0.10236849379198189
3695,0.10428137115912506
3694,0.10465539286725872
3693,0.10523465581110544
3692,0.10667864623781749
3691,0.1082484938606163
3690,0.11023602699954967
3689,0.11165268006951456
3688,0.1142758427530147
3687,0.11522146804068194
3686,0.11668699676866116
3685,0.11725454984075029
3684,0.11715900589974226
3683,0.11834301484633636
3682,0.11813466727513486
3681,0.12000677356061593
3680,0.12199126075110257
3679,0.1220953330719677
3678,0.12334124679739576
3677,0.12440106922391053
3676,0.12591644798543336
3675,0.12748044097608782
3674,0.12918229549847562
3673,0.13038534203682112
3672,0.13085187684462618
3671,0.13232143737004773
3670,0.13307321868754213
3669,0.13316862395166434
3668,0.1339119649379184
3667,0.13451802419516506
3666,0.1359567676773121
3665,0.13765987400720417
3664,0.13864360140161838
3663,0.13925528855683308
3662,0.14076773360785452
3661,0.14162285871069294
3660,0.14325367872300596
3659,0.1453862693093402
3658,0.14650671496672774
3657,0.1471307692896137
3656,0.14816712919466435
3655,0.14885407860856542
3654,0.14927500524712867
3653,0.15140441977301838
3652,0.1546478384480268
3651,0.15749565823385153
3650,0.1606364783013964
3649,0.16354085648954148
3648,0.16549721522514127
3647,0.16656220550517117
3646,0.16805072060703286
3645,0.16874260265170646
3644,0.1696472432542508
3643,0.1728732194765999
3642,0.17608850426984002
3641,0.17901494699443887
3640,0.18264433029672347
3639,0.18499317696123663
3638,0.18771207510822352
3637,0.19002871153019563
3636,0.19287883841267459
3635,0.19417493106074157
3634,0.19588139768422722
3633,0.19848725792979469
3632,0.2012382381731192
3631,0.20419789251057613
3630,0.20926665653431992
3629,0.21252615929797647
3628,0.21637397132502267
3627,0.21916335457032737
3626,0.22354020250931275
3625,0.22628530475273348
3624,0.22826348222023837
3623,0.23037966399288104
3622,0.23169532901977655
3621,0.2330891534166353
3620,0.23539361329142394
3619,0.23662176683859842
3618,0.23868686783964008
3617,0.24197101647884922
3616,0.2480618084099289
3615,0.25281032061165715
3614,0.25646385194540583
3613,0.2608995924788002
3612,0.26221426635255723
3611,0.2647992760284909
3610,0.26776105072749623
3609,0.2709413290640589
3608,0.27228623004029634
3607,0.2760347980252707
3606,0.2793730256541143
3605,0.28338809877149046
3604,0.28567889962212445
3603,0.28814796088154787
3602,0.2893370811328875
3601,0.2926053567663625
3600,0.29577456356635684
3599,0.2991966324738797
3598,0.3006827090420689
3597,0.303805548839006
3596,0.3064978978746239
3595,0.310612327437975
3594,0.3141271889153209
3593,0.3173757544486521
3592,0.3193356278933867
3591,0.32242638065127394
3590,0.32574893164429397
3589,0.3287218806118731
3588,0.331899671973866
3587,0.33495176442367774
3586,0.3389450434975142
3585,0.34252029592007327
3584,0.3473638942375769
3583,0.3521695480223458
3582,0.3550156201797317
3581,0.359337940669466
3580,0.36293088865783946
3579,0.36649573620542014
3578,0.3698328889777162
3577,0.3723090760554144
3576,0.37648212116037405
3575,0.37874169948622777
3574,0.3820437436193899
3573,0.38452102004385796
3572,0.3859333482224271
3571,0.3884714604029943
3570,0.3925429666264119
3569,0.3971886428873086
3568,0.40248817329157843
3567,0.4082176152839624
3566,0.4135314914041351
3565,0.41726615016073737
3564,0.4211656398833304
3563,0.42452951413337564
3562,0.42675568008052506
3561,0.43015389989216013
3560,0.43355010821818546
3559,0.4373200082556297
3558,0.44341269493531915
3557,0.44773807142032307
3556,0.4514921307828359
3555,0.45532094794032274
3554,0.4595457335166809
3553,0.4651240166304168
3552,0.4684082312158758
3551,0.4731285522333123
3550,0.4768387258837492
3549,0.4811184929783565
3548,0.4860116708586476
3547,0.4896908706565947
3546,0.493543113079423
3545,0.49541667456579297
3544,0.4993879341617588
3543,0.5045853796172027
3542,0.5082437342216073
3541,0.5130509258558587
3540,0.5174461060001475
3539,0.5211522909866103
3538,0.5253691255483385
3537,0.5295527097064078
3536,0.5332993169370299
3535,0.5357643664038321
3534,0.5406982851110369
3533,0.5438178378014817
3532,0.5449934160792741
3531,0.547408211932283
3530,0.5512189709674289
3529,0.5545738069744524
3528,0.5589352795903799
3527,0.5630212228227479
3526,0.5684826563399011
3525,0.5743184382411644
3524,0.5799790929444509
3523,0.5832261632781703
3522,0.5841854105745821
3521,0.5867382469428821
3520,0.5897627472017982
3519,0.591021471139741
3518,0.5926941089299531
3517,0.5931366853482145
3516,0.5972797435644528
3515,0.6023536103752367
3514,0.606809886827892
3513,0.6119497672300498
3512,0.6165285723736528
3511,0.6206350593210381
3510,0.6250783845077417
3509,0.629189266547951
3508,0.632191947321256
3507,0.6343628799151849
3506,0.6377664006821062
3505,0.639869843371017
3504,0.6418127118115481
3503,0.6469206931707141
3502,0.650305968549326
3501,0.6536675608499847
3500,0.6582374188262762
3499,0.6627393802592196
3498,0.6662713632277117
3497,0.6695254926195071
3496,0.6726804325857968
3495,0.674412831764312
3494,0.677737001776537
3493,0.6825912464965112
3492,0.6861000937883717
3491,0.6903107731919993
3490,0.6934715273938198
3489,0.6972096974549739
3488,0.7015659091895431
3487,0.7047616676800819
3486,0.7082641185226332
3485,0.7123178215412878
3484,0.7154308217679559
3483,0.7192151832837366
3482,0.7222354890634392
3481,0.7254037227787287
3480,0.7284269325926217
3479,0.7314933135956341
3478,0.7337479467928153
3477,0.7354129029270045
3476,0.7383515435816204
3475,0.741342357854843
3474,0.7442031434065002
3473,0.7471353215586282
3472,0.7501672341800341
3471,0.7536418089330706
3470,0.7563671176431642
3469,0.758729833754084
3468,0.7602125941607737
3467,0.7619994645121589
3466,0.7653308481224693
3465,0.7674099068448873
3464,0.7716340824513777
3463,0.7734758457557763
3462,0.7759606164829544
3461,0.7795300852308584
3460,0.7812803703169616
3459,0.7825927887841492
3458,0.7838431256668066
3457,0.7848264918334742
3456,0.7873099576886176
3455,0.7885769855280956
3454,0.7909656306963736
3453,0.7917794307868239
3452,0.7943040955316168
3451,0.7979815484075204
3450,0.7996130001057111
3449,0.8011327834729444
3448,0.8030351946177263
3447,0.8040624479693937
3446,0.805885205263903
3445,0.8066284555500488
3444,0.8071273260304065
3443,0.8086796100197422
3442,0.811774901167571
3441,0.8138056707103345
3440,0.8168973660504592
3439,0.8196376475530629
3438,0.8206366647771618
3437,0.8211783761723056
3436,0.8208376328317394
3435,0.819878633152795
3434,0.8188934871067092
3433,0.8208878882652466
3432,0.8234403806400622
3431,0.8252240634930283
3430,0.8297371214247093
3429,0.8320162748499287
3428,0.8330525786411578
3427,0.8352118812679995
3426,0.8346687326522039
3425,0.8352131721414348
3424,0.8361515757735595
3423,0.8378125807929065
3422,0.8389282822037534
3421,0.8413948550317555
3420,0.8444500502908714
3419,0.8455069035298101
3418,0.8470262789716242
3417,0.8478438833086014
3416,0.847854572436634
3415,0.8482352200171827
3414,0.8484910233447052
3413,0.8475390864013008
3412,0.8472963604762412
3411,0.8484668756808617
3410,0.8499581465237904
3409,0.851196640716706
3408,0.8520481602089048
3407,0.8516851255866296
3406,0.8518030577780697
3405,0.8510181956991807
3404,0.8513201890842089
3403,0.8501924859114722
3402,0.849865672961739
3401,0.8505421180966205
3400,0.8515655573845085
3399,0.8534305934978036
3398,0.8547791006322284
3397,0.8547778500743003
3396,0.8526110552319073
3395,0.8516385930503123
3394,0.8513576578493827
3393,0.8497676420642809
3392,0.8495243654862444
3391,0.84823602234414
3390,0.8486486906900325
3389,0.8503905798841132
3388,0.8506653594830564
3387,0.8504313632561917
3386,0.8491140930153387
3385,0.8496098673786298
3384,0.8490371040835298
3383,0.8476930732171489
3382,0.8472998290146295
3381,0.8459170751164039
3380,0.847712370989758
3379,0.8481745795923591
3378,0.8474751705778486
3377,0.8468397986139246
3376,0.8457236920408202
3375,0.8457518485112411
3374,0.8428840900312008
3373,0.8416168195638639
3372,0.8414413257920819
3371,0.8416131297078864
3370,0.8424620324858497
3369,0.8410451862882907
3368,0.8398928105536223
3367,0.8396203100390779
3366,0.8390446479497646
3365,0.8387847226483771
3364,0.8364006954603206
3363,0.8375953543276753
3362,0.8388015003455555
3361,0.8390037936810849
3360,0.8388528921283446
3359,0.8387194531900817
3358,0.838072597816191
3357,0.8378249829536591
3356,0.8366361076554377
3355,0.8351708927386037
3354,0.8351694526737268
3353,0.8377269102674827
3352,0.8398086737087936
3351,0.8391369083859369
3350,0.8407789550890342
3349,0.8421403416240493
3348,0.8411178598405041
3347,0.84040838946263
3346,0.8392521494642258
3345,0.8383378530738055
3344,0.8380749662160916
3343,0.8375347755424974
3342,0.8364892472619146
3341,0.8343432227471386
3340,0.834042944956061
3339,0.8332649128611022
3338,0.8319455213813816
3337,0.8328148306610259
3336,0.8315366573925053
3335,0.8307855840712349
3334,0.8314278025651467
3333,0.8303725674176307
3332,0.8295064945261094
3331,0.8285792601601641
3330,0.8266094921966509
3329,0.8250023571944022
3328,0.8220477481735684
3327,0.8218770691633251
3326,0.8196236884844317
3325,0.8199635839451703
3324,0.821963073890399
3323,0.821204389367987
3322,0.8203009965090532
3321,0.8200074524037044
3320,0.8174347179357606
3319,0.8152319651762885
3318,0.8120946090117174
3317,0.8100192640445757
3316,0.8084630209794903
3315,0.8080778081135007
3314,0.8072459883899995
3313,0.8065859203197489
3312,0.8047595770595327
3311,0.8037682668176949
3310,0.8020960385422623
3309,0.8008974336556025
3308,0.7998211848108969
3307,0.7971011495094756
3306,0.7958023546167372
3305,0.7945917668801187
3304,0.7921530993018291
3303,0.7918384724149176
3302,0.7901600306603156
3301,0.7887932107356803
3300,0.78650039287124
3299,0.7849905101901204
3298,0.7825769171735429
3297,0.7814375960069704
3296,0.7795007202801226
3295,0.778726877233799
3294,0.7780065399746902
3293,0.7786349513424446
3292,0.7780466905321847
3291,0.7770757977399398
3290,0.7749495239464058
3289,0.7746024474996092
3288,0.7729002289459247
3287,0.773118656753055
3286,0.7706394585109393
3285,0.7699026644584578
3284,0.7694931998457187
3283,0.7679911771620304
3282,0.764838570437738
3281,0.7628306084295143
3280,0.7609317403056057
3279,0.7598985166481892
3278,0.7586685021343464
3277,0.75815710180959
3276,0.7573052291061225
3275,0.7560525624278025
3274,0.7558006328666549
3273,0.7533710110016605
3272,0.7514339811259666
3271,0.7489661477928539
3270,0.7472565072320938
3269,0.745767375744974
3268,0.7443201067345562
3267,0.7434229536627076
3266,0.7428872628547378
3265,0.7430695197421073
3264,0.7423646502812722
3263,0.7398439444823768
3262,0.737382988991605
3261,0.733149326923432
3260,0.730798105693438
3259,0.7277440545223852
3258,0.7251092085021873
3257,0.722831485923739
3256,0.7217861752453204
3255,0.7206435988898799
3254,0.7179369622206719
3253,0.7145684071826618
3252,0.7105173078838215
3251,0.7083570570566229
3250,0.7054784943910747
3249,0.7042247003458688
3248,0.7039654219527234
3247,0.7036867895549698
3246,0.7024316103325305
3245,0.7011085881275219
3244,0.6990036430672807
3243,0.6952701172955917
3242,0.692969134063189
3241,0.6909456120344544
3240,0.6884909438341001
3239,0.6875000210086752
3238,0.6851674033554545
3237,0.6841693512293504
3236,0.6809485296406721
3235,0.6793708136483882
3234,0.6773201161985558
3233,0.6743377160812568
3232,0.6731110212033201
3231,0.6711228962037601
3230,0.6706931128025788
3229,0.6679425700174578
3228,0.6646163577292723
3227,0.6623905212313388
3226,0.6587092557630541
3225,0.6570683190281988
3224,0.6559947256420529
3223,0.6531108557081532
3222,0.6511455511736001
3221,0.650198962719368
3220,0.6496776882997758
3219,0.6483193683464835
3218,0.6472648552337916
3217,0.6463846327655578
3216,0.6457301830849137
3215,0.6439268607874088
3214,0.6422288026974986
3213,0.6392855038963192
3212,0.6374816912252024
3211,0.6352092313927016
3210,0.6319522844457921
3209,0.63029884452359
3208,0.6287972141184889
3207,0.6280550257547532
3206,0.6272320020728166
3205,0.624840759010718
3204,0.6242037094428936
3203,0.623077654515269
3202,0.6223068798574664
3201,0.6201400714135278
3200,0.6171647513932397
3199,0.6149811391083699
3198,0.6127085534220298
3197,0.6101891876708293
3196,0.6087665719053507
3195,0.6066852059256151
3194,0.6054214129797901
3193,0.6027175172058038
3192,0.6014195151975161
3191,0.5994985651010472
3190,0.5985814751551511
3189,0.5961406058176295
3188,0.5938108917161115
3187,0.5915583588711696
3186,0.5900248474256555
3185,0.5881892485802959
3184,0.5853515838048987
3183,0.5822497322169828
3182,0.5819650818203305
3181,0.5807443021326248
3180,0.5790711303331642
3179,0.5760617096725806
3178,0.5745780913204347
3177,0.5728185290318125
3176,0.5700547615731484
3175,0.5679029813197707
3174,0.5638731361881333
3173,0.5605613278110442
3172,0.5581513583894135
3171,0.5543290047649962
3170,0.5504210020711084
3169,0.5477912807554934
3168,0.5478747221793533
3167,0.5462589014361183
3166,0.545682007278633
3165,0.545136948827419
3164,0.5435513154941114
3163,0.5426733437211773
3162,0.5402765393841178
3161,0.5378104912925382
3160,0.5354379254290786
3159,0.5334361302012615
3158,0.5319262452805444
3157,0.5310945507358201
3156,0.5307837539471971
3155,0.5295728607637343
3154,0.5279391990177837
3153,0.526572197605554
3152,0.5231411649403431
3151,0.5207806108553626
3150,0.519567554881016
3149,0.5183154079145602
3148,0.5162033713731354
3147,0.5165675272296663
3146,0.5150674504787707
3145,0.5138603243297879
3144,0.512972655787985
3143,0.5100864285758248
3142,0.5074260202063877
3141,0.5073579292518615
3140,0.5075112699623742
3139,0.5062494016627361
3138,0.5044913080126133
3137,0.5032520513373139
3136,0.501026816876446
3135,0.5008045823556744
3134,0.5002488871205175
3133,0.4978050907303066
3132,0.49592419349677397
3131,0.4943156480608952
3130,0.491000315145401
3129,0.48907917930356265
3128,0.48684895942557227
3127,0.48483989801911404
3126,0.4827350502052008
3125,0.4820962290899976
3124,0.4827283518461545
3123,0.4822636655601906
3122,0.47991029653562306
3121,0.47761151666600205
3120,0.4749131265721638
3119,0.47437027892172645
3118,0.47276759012397884
3117,0.47037841452611295
3116,0.46735028365496106
3115,0.465219942639942
3114,0.46461618569316027
3113,0.46223271667848836
3112,0.4594251326880413
3111,0.4573446066186851
3110,0.4555672032928292
3109,0.45486042546872363
3108,0.4531550022202405
3107,0.450028738705351
3106,0.4480395617523182
3105,0.44532739015903855
3104,0.44280724894170803
3103,0.43963767111001534
3102,0.43638415803377445
3101,0.4343539068433147
3100,0.4329123664234601
3099,0.4318415327094918
3098,0.428984210917412
3097,0.42661768192064103
3096,0.4248956107058931
3095,0.4237744448656077
3094,0.4226191307844916
3093,0.42083652743199634
3092,0.41856072127820415
3091,0.41825429089721977
3090,0.41715800374252743
3089,0.4157125665868674
3088,0.4131406253888195
3087,0.4114110214675849
3086,0.40908910691331896
3085,0.40778534242826103
3084,0.40644474211241527
3083,0.40423780730226777
3082,0.40228272277540167
3081,0.40043948240113986
3080,0.3993967221587034
3079,0.39753413368348434
3078,0.39558461441188003
3077,0.3934946097643067
3076,0.3922929793513286
3075,0.3914776746598736
3074,0.3904140586328294
3073,0.3901317027461538
3072,0.3897833216941722
3071,0.38696495829659916
3070,0.38601077443410525
3069,0.38350914732845004
3068,0.3801206498008126
3067,0.37781925890879975
3066,0.37718670101783874
3065,0.37619194662624894
3064,0.37374888210799645
3063,0.37385601153625775
3062,0.3730477035172741
3061,0.3703891195376393
3060,0.37062383960611295
3059,0.36988567442866543
3058,0.36747981287913806
3057,0.36550831129282396
3056,0.3635190401804753
3055,0.3613914874476736
3054,0.3581501839152853
3053,0.3567533367094518
3052,0.3542244697013076
3051,0.3527297489640944
3050,0.3524753046340113
3049,0.3516816570782808
3048,0.35011714847379155
3047,0.3485191001647963
3046,0.34717863220749157
3045,0.34591239535503016
3044,0.34411366558002104
3043,0.34326837954462175
3042,0.34070199800710455
3041,0.33976368117680256
3040,0.33720959332635714
3039,0.3364400476591332
3038,0.3339389053628527
3037,0.3326506828290083
3036,0.33158764611154007
3035,0.3290952229232628
3034,0.3270073833721627
3033,0.32477047301021966
3032,0.3230340892888018
3031,0.3213590218322706
3030,0.31966557236959253
3029,0.31798307417903404
3028,0.31606208676949615
3027,0.3149250882183288
3026,0.3124214343787347
3025,0.3098965051833875
3024,0.3090766436973425
3023,0.3088867070615067
3022,0.30942652049185165
3021,0.3097664403773022
3020,0.3109472288100382
3019,0.3098676138141191
3018,0.31038304906912423
3017,0.310050738281038
3016,0.3090233743163074
3015,0.30900576477307107
3014,0.3101915194024856
3013,0.3100164588992482
3012,0.3091492138816679
3011,0.3085465940661258
3010,0.30751084826780856
3009,0.30498421048208296
3008,0.30548656843761135
3007,0.3070962192006653
3006,0.3078113663868179
3005,0.3088271566224442
3004,0.3109445368832966
3003,0.31201149884158624
3002,0.31361070962679044
3001,0.31375467777970734
3000,0.3134308207780211
2999,0.31279864781350647
2998,0.31378155812914776
2997,0.31444727334995765
2996,0.31499982075247296
2995,0.31484555955003957
2994,0.31617968207077146
2993,0.3168531095069613
2992,0.318704964050264
2991,0.31833652361295633
2990,0.3194786896226261
2989,0.3204490319203382
2988,0.3210973503312188
2987,0.32125204782406813
2986,0.321331846186857
2985,0.3205120685691168
2984,0.3212521756659794
2983,0.32104438242114713
2982,0.32162013525372546
2981,0.321977888713088
2980,0.32496256343331487
2979,0.32761755207848037
2978,0.32939102124629865
2977,0.33054529265722626
2976,0.3320314612737125
2975,0.3328492522090383
2974,0.33402161347495674
2973,0.3328999940311225
2972,0.3319008264400117
2971,0.3332064997690385
2970,0.3343337045841501
2969,0.33702570374707186
2968,0.33923684542703536
2967,0.34053982435158625
2966,0.34247075573160257
2965,0.3439164476443012
2964,0.34707897510837366
2963,0.3481838101633157
2962,0.35087691015286837
2961,0.35380587826827375
2960,0.3555288858042576
2959,0.35900879474588077
2958,0.36180787852598356
2957,0.361770069953383
2956,0.3627458118581074
2955,0.365337964701668
2954,0.36790947724177164
2953,0.3693689462093461
2952,0.3717992723074191
2951,0.3738726878432717
2950,0.3752361677985272
2949,0.37654291745517393
2948,0.37745794778932196
2947,0.37733241259984324
2946,0.3790654951620943
2945,0.38054932102248457
2944,0.3823417072098859
2943,0.38176292643399207
2942,0.38283183673477683
2941,0.3826007861730489
2940,0.3819300044700902
2939,0.3804483150129343
2938,0.3778213807862206
2937,0.37736121109504084
2936,0.37662367792767876
2935,0.3758809971562704
2934,0.37586635571082955
2933,0.37372947785361516
2932,0.37392136468525944
2931,0.37095896360790626
2930,0.36916261634112596
2929,0.3665370518894149
2928,0.3619544423219288
2927,0.35779405334381814
2926,0.3536824267698468
2925,0.35059523357929684
2924,0.34698506386809375
2923,0.34346005598172763
2922,0.3388118012154967
2921,0.3344534352930745
2920,0.33118194330833933
2919,0.32687690786302076
2918,0.32178695302586685
2917,0.3165723394856259
2916,0.3120499452567467
2915,0.3072083941098087
2914,0.30144768610659867
2913,0.29493172428746406
2912,0.28847798371021616
2911,0.28329380007316224
2910,0.27812989843261915
2909,0.2729129759188887
2908,0.26901820848606417
2907,0.26313077818420316
2906,0.25771063065605465
2905,0.25223429612960147
2904,0.24854926215262968
2903,0.24194202094147813
2902,0.23784134729355658
2901,0.23320020406326752
2900,0.2305146268976631
2899,0.22666333424844237
2898,0.22395985818542616
2897,0.219143551315383
2896,0.21477540566291078
2895,0.2121657324498579
2894,0.21019025970947
2893,0.20552943170840637
2892,0.20405042168113494
2891,0.20213780901760617
2890,0.20120659379434558
2889,0.19858191791507457
2888,0.19862029022415312
2887,0.19723841504513687
2886,0.19517429399706332
2885,0.1949792214138714
2884,0.19410521505918846
2883,0.1937240659659289
2882,0.19433960529561495
2881,0.1931518380991059
2880,0.19316827086027605
2879,0.19195411857636693
2878,0.19274767172796678
2877,0.19193260880666407
2876,0.19099831420551863
2875,0.19089168168355602
2874,0.19139051758167686
2873,0.1922825882384477
2872,0.19442378108411845
2871,0.19574069405559552
2870,0.1980927791378793
2869,0.19918816868943306
2868,0.2019607263361085
2867,0.2024930276975421
2866,0.20309949281835588
2865,0.2042202612272301
2864,0.2043530981656301
2863,0.2054061827162243
2862,0.20701024391998527
2861,0.20824109171898467
2860,0.20862565929815866
2859,0.20992063108269438
2858,0.21126459486410307
2857,0.20945536449895719
2856,0.2099740209336463
2855,0.2103984828134425
2854,0.21026346969252313
2853,0.2099952378900875
2852,0.20943341186032657
2851,0.20785198227879007
2850,0.20748702260219698
2849,0.20851842453638605
2848,0.2075746966141643
2847,0.20734507820411263
2846,0.20965378834191148
2845,0.2112114065647989
2844,0.20941741043223816
2843,0.2083307323109545
2842,0.20652162432015805
2841,0.20188689104625657
2840,0.19874661382930459
2839,0.19705757754520262
2838,0.194943077266079
2837,0.19465255432969075
2836,0.19422298935882193
2835,0.19324426926863442
2834,0.19029836141276316
2833,0.189584290302777
2832,0.18649105707923833
2831,0.182014196411415
2830,0.1776852454788721
2829,0.1748188911918541
2828,0.17070628785519523
2827,0.1668062866024063
2826,0.16285882158499687
2825,0.1587131454512083
2824,0.15495709488542705
2823,0.15235497030092612
2822,0.151300125770482
2821,0.14956849270641187
2820,0.14656883324830539
2819,0.14506774292783903
2818,0.14189411532852983
2817,0.13912731184145424
2816,0.13658877428173513
2815,0.1328339662478652
2814,0.13027611324393024
2813,0.12819020457569488
2812,0.12626850256438932
2811,0.12403974715266869
2810,0.12053011835805423
2809,0.11892969060637006
2808,0.11646577590247324
2807,0.11487899481949909
2806,0.11386775412107211
2805,0.11318938747139749
2804,0.11329538602499774
2803,0.11199543044334107
2802,0.11058223768223054
2801,0.11000444538678222
2800,0.10793462231596498
2799,0.10682605671474617
2798,0.10506484056327779
2797,0.10362784743645143
2796,0.10053626097860338
2795,0.1004003076301722
2794,0.09929972421713246
2793,0.09772744199916832
2792,0.09579691825149271
2791,0.09537193206211456
2790,0.09443803510730296
2789,0.09499205709520449
2788,0.09451946454063687
2787,0.09438970132854223
2786,0.09202868437888177
2785,0.09367290457829129
2784,0.09266497393195423
2783,0.09149154593377866
2782,0.09016884281586737
2781,0.08998132012161075
2780,0.08895011501489535
2779,0.0887557928053038
2778,0.08757320149008721
2777,0.0862710540135344
2776,0.08404425650926843
2775,0.08549884396976871
2774,0.0849831405523684
2773,0.08378478058162112
2772,0.0819060289408559
2771,0.08227085707456182
2770,0.08086920732091017
2769,0.0798406772999549
2768,0.07992916700235479
2767,0.07870236618716733
2766,0.0776993460766401
2765,0.0791182251174705
2764,0.07867365009794217
2763,0.07685097405102938
2762,0.07476391052232621
2761,0.07384492645782986
2760,0.0711343944650117
2759,0.06897253752385347
2758,0.06806156813781933
2757,0.06570675291076805
2756,0.06499077200804797
2755,0.06448408621012668
2754,0.06368281147183279
2753,0.06467391155800094
2752,0.06405240732976113
2751,0.06321244660756715
2750,0.06394387182759238
2749,0.06265399593738744
2748,0.06319989992282915
2747,0.0637551593723178
2746,0.06426366265996955
2745,0.06324146762064226
2744,0.0633755204005241
2743,0.06391741108267827
2742,0.06320849937745007
2741,0.06250131252735532
2740,0.06319917049066633
2739,0.061411645671840466
2738,0.06166920754019518
2737,0.061449750652227256
2736,0.05980669294400662
2735,0.05920619843891442
2734,0.0598807880753633
2733,0.0613695805831329
2732,0.06262907589779089
2731,0.06248737344117598
2730,0.06381466625898788
2729,0.06326140937391235
2728,0.06460719534300774
2727,0.06512556607964372
2726,0.06511776794069796
2725,0.06558371384563025
2724,0.06631035553775436
2723,0.06651892948636377
2722,0.06556260748394925
2721,0.06527330851815248
2720,0.06543430778177738
2719,0.06456525504995604
2718,0.06384075175595438
2717,0.0635928744669439
2716,0.06342064287804527
2715,0.06144036370673017
2714,0.0595799944087674
2713,0.05985214035683561
2712,0.06066514099450795
2711,0.06289946392022282
2710,0.06449348446473051
2709,0.06501094798672295
2708,0.06526703259905045
2707,0.06606383579796159
2706,0.06572593124967308
2705,0.06415063564217843
2704,0.06231284945138617
2703,0.06289104253507363
2702,0.06251405583522517
2701,0.061882970583381644
2700,0.06168100399893872
2699,0.060574170054032116
2698,0.06027644865038792
2697,0.059110121071878734
2696,0.05896305377832688
2695,0.059326801648069964
2694,0.05867159738401195
2693,0.05912552628439619
2692,0.05987195065433741
2691,0.06022170712963864
2690,0.061376728758509615
2689,0.060655905647434206
2688,0.059299379158387025
2687,0.05774469570825985
2686,0.05659152974572588
2685,0.05535105282014073
2684,0.053893002253053914
2683,0.05365278734012674
2682,0.05422104815694457
2681,0.05539886403382539
2680,0.05737450063024814
2679,0.05731682334281616
2678,0.05645664150429628
2677,0.05630237037468735
2676,0.05491315253431196
2675,0.05385923873820767
2674,0.053938956746242286
2673,0.05557840591041812
2672,0.056390191362138804
2671,0.05879759871929987
2670,0.06130952444476254
2669,0.062052701864718667
2668,0.062122885673756824
2667,0.062077762850142
2666,0.06050613481966605
2665,0.05964691492602576
2664,0.059765045319684414
2663,0.060143496561670465
2662,0.05985676063631772
2661,0.061417925040489034
2660,0.06377614139741603
2659,0.06541212944731042
2658,0.06438012512030168
2657,0.06462145597469447
2656,0.06371936781669851
2655,0.06344482267867287
2654,0.06313414994647226
2653,0.06151459073160665
2652,0.060869786745676766
2651,0.06229430046903997
2650,0.06503615482797023
2649,0.06504325131081255
2648,0.06355663145193892
2647,0.06504262673721345
2646,0.06445643840241964
2645,0.0648712204541951
2644,0.06471318191531772
2643,0.06425886359981027
2642,0.06550619863487578
2641,0.06633933151276203
2640,0.06780735132904299
2639,0.06741723023950862
2638,0.0677575544865533
2637,0.06804205048914384
2636,0.0670118808736432
2635,0.06603814949807042
2634,0.06440086846563055
2633,0.06514649742412104
2632,0.06533435202490576
2631,0.06311523176422051
2630,0.06365294193549734
2629,0.06393168363688247
2628,0.06360434227460698
2627,0.06376393352086651
2626,0.06289026980964836
2625,0.06268418225407332
2624,0.06317230362303078
2623,0.0638699675758323
2622,0.06466135343543285
2621,0.06351101880785633
2620,0.06419269458891652
2619,0.06364469518875744
2618,0.06266589687887433
2617,0.06338873858063118
2616,0.0629052902400342
2615,0.06277302156013838
2614,0.06274202754040077
2613,0.060467678975395955
2612,0.061267036541160336
2611,0.06067312293324218
2610,0.06012479558324519
2609,0.05982714207688912
2608,0.059507238360334676
2607,0.05885038129155245
2606,0.05897123860697079
2605,0.05833537186896895
2604,0.057399930079352346
2603,0.05590974924470378
2602,0.057062288487663634
2601,0.05799176546148741
2600,0.059643830486294264
2599,0.061424011405599506
2598,0.06045007678310149
2597,0.06037932413805737
2596,0.06129382666166295
2595,0.06055220370356959
2594,0.05985801545552972
2593,0.059912176379704835
2592,0.06007966902562306
2591,0.06204525661355371
2590,0.06341441036637302
2589,0.06423591001971854
2588,0.06364524418792085
2587,0.06394212383564116
2586,0.06400407991415241
2585,0.06354812351016288
2584,0.06366045742938958
2583,0.06411342214438
2582,0.0641043485295629
2581,0.06490257172339008
2580,0.06398392483599197
2579,0.06161416625508958
2578,0.06089415728435775
2577,0.05942621580760452
2576,0.05902028603886875
2575,0.05831216063408725
2574,0.05801390682358008
2573,0.058959141304824866
2572,0.06029158161230562
2571,0.06074790892368508
2570,0.060453142885271254
2569,0.05913172405470892
2568,0.05927360194273166
2567,0.058840936872500804
2566,0.058466760603420175
2565,0.057952006239816174
2564,0.05749327851727494
2563,0.05801391897819336
2562,0.05909710182360595
2561,0.057883547814990756
2560,0.05691430721318076
2559,0.05554650308973053
2558,0.05298702340011862
2557,0.05164150907440951
2556,0.05093894751737038
2555,0.05037881537800404
2554,0.04963727911489051
2553,0.05075071270822974
2552,0.05076308736859089
2551,0.05121745648007105
2550,0.05293164509174913
2549,0.051830738784596445
2548,0.05050124884091115
2547,0.04914466686227202
2546,0.048854227136172296
2545,0.04818228859480574
2544,0.04747364989249216
2543,0.04669623141665815
2542,0.045398361429570794
2541,0.04554145898527048
2540,0.044739307473391283
2539,0.04232870301441273
2538,0.04224934094190512
2537,0.04282658546149221
2536,0.04320258496720191
2535,0.043766701855328265
2534,0.04523180187572483
2533,0.04529922737175775
2532,0.04544546497441701
2531,0.04515736385178869
2530,0.04371174405583732
2529,0.04336743869320055
2528,0.04387923436813293
2527,0.044813563934470356
2526,0.04410580024887993
2525,0.043600856483138335
2524,0.04470919098422918
2523,0.04415503165563453
2522,0.04522309841378784
2521,0.04588777301281412
2520,0.04569033404774037
2519,0.04734198694874809
2518,0.04801907907897325
2517,0.048219103672855514
2516,0.046094029807945636
2515,0.04523630697802774
2514,0.043903869052348644
2513,0.04429174029208752
2512,0.045664389831557795
2511,0.04583432979920223
2510,0.04685866091515707
2509,0.049336160655643634
2508,0.05126153528715864
2507,0.052225640197822734
2506,0.05227122395243441
2505,0.053058839727079504
2504,0.05276215867547057
2503,0.05359079607916803
2502,0.05166675693767845
2501,0.049369342085198074
2500,0.047586676915878166
2499,0.045818064530599986
2498,0.04496695472980322
2497,0.04490645241121776
2496,0.0446711129502094
2495,0.0459743593529322
2494,0.04674216879407459
2493,0.0468571831397225
2492,0.04649922078406218
2491,0.04497546965662349
2490,0.043407798469713384
2489,0.04102839571215933
2488,0.040410974806494596
2487,0.04120502674100037
2486,0.04040523057364961
2485,0.04197417758224882
2484,0.04292732262596938
2483,0.0445195697967938
2482,0.045554496010021
2481,0.04443834838244649
2480,0.042941555334672726
2479,0.041297663931734244
2478,0.04151203381705814
2477,0.04267842092816763
2476,0.04228239660363005
2475,0.042373640299692046
2474,0.04332016343285354
2473,0.04274984184901874
2472,0.04214855103089665
2471,0.040866238373044074
2470,0.03970992265997508
2469,0.0381705333624231
2468,0.03862615481223941
2467,0.04007078825830641
2466,0.04117751982021158
2465,0.03991491631259206
2464,0.03927048135989103
2463,0.03861153964336733
2462,0.040648795755032524
2461,0.04260261198936765
2460,0.04391821203095096
2459,0.04505630376926279
2458,0.04644501621119991
2457,0.047453150889859845
2456,0.04800645911971905
2455,0.047484395820348066
2454,0.047519284046058693
2453,0.04883513332351315
2452,0.05038833817829631
2451,0.05048947071676381
2450,0.05001198266949577
2449,0.050140409737421024
2448,0.050265717800537006
2447,0.04973526221038392
2446,0.0509329047972116
2445,0.05260761417559534
2444,0.05404828642055691
2443,0.05561777398067158
2442,0.05445038264412963
2441,0.053506248040171865
2440,0.05334723767111767
2439,0.05329875552643113
2438,0.05379681842035199
2437,0.054316412568480923
2436,0.05534171409891502
2435,0.05522658775132894
2434,0.05648623093784222
2433,0.056278579545325225
2432,0.05519519261822043
2431,0.0544953726124829
2430,0.05469920916796533
2429,0.05516985875834416
2428,0.05439739318214942
2427,0.05554158094778478
2426,0.05522070837823314
2425,0.054538003586701876
2424,0.05474323545092564
2423,0.05515456176947171
2422,0.05555523908852082
2421,0.05484105351916259
2420,0.05517193465165321
2419,0.055889465639540954
2418,0.05554926606440168
2417,0.05662029385242174
2416,0.05604915604553883
2415,0.05549969653989801
2414,0.05552020469085698
2413,0.05417352365619264
2412,0.05206623584081393
2411,0.052155793114937864
2410,0.05139437761526161
2409,0.05062075871491867
2408,0.050216047262427725
2407,0.05162303149638641
2406,0.05312202613371914
2405,0.05481667995566857
2404,0.05538333384552791
2403,0.05541453752274333
2402,0.056505380725340754
2401,0.05780463923610538
2400,0.0569393939899249
2399,0.055262331580564567
2398,0.05400410595226205
2397,0.05545527284013507
2396,0.05665448807078492
2395,0.057199375057319556
2394,0.05815502988459123
2393,0.05888746678422637
2392,0.05960143472717368
2391,0.060009439765937346
2390,0.059152152605268606
2389,0.06001307813239259
2388,0.06144088144437002
2387,0.06342732942112436
2386,0.06430014463215088
2385,0.06561217832185681
2384,0.06712895761141455
2383,0.06578157353444261
2382,0.06637163899790408
2381,0.06520497806330267
2380,0.0647554691470993
2379,0.06763991084586386
2378,0.0687313945579589
2377,0.06989030212446971
2376,0.07037445750196591
2375,0.07207960017391113
2374,0.07379394096874503
2373,0.07343945665084313
2372,0.0730727274475018
2371,0.07242277239615647
2370,0.07301263406710351
2369,0.07365519829021362
2368,0.07258015582395505
2367,0.07230574837237279
2366,0.07359174237307312
2365,0.0745960765749875
2364,0.07528208570079754
2363,0.07623751761623501
2362,0.07656722141253994
2361,0.07848280937854654
2360,0.07867629348540582
2359,0.0789500046384085
2358,0.07792559536997606
2357,0.07770714228042533
2356,0.07885438291697813
2355,0.07997935712631636
2354,0.08128800098355157
2353,0.08339485153134285
2352,0.08475663959784258
2351,0.08565678955812606
2350,0.08544406973907259
2349,0.08512888584216927
2348,0.08372270668014471
2347,0.08404385309042806
2346,0.08336446278038762
2345,0.08457386032789851
2344,0.08624757654392372
2343,0.08836529959251874
2342,0.08892068779289572
2341,0.0882130749725771
2340,0.08891787303924353
2339,0.08950565288834912
2338,0.08965255498333852
2337,0.09020694942195448
2336,0.09009370752192833
2335,0.09178129072661023
2334,0.09420174539695311
2333,0.09613170195940374
2332,0.09653193100478961
2331,0.09594223729688701
2330,0.09806332907728456
2329,0.09912223059768327
2328,0.09981803348888237
2327,0.10109266247355064
2326,0.1038136719224026
2325,0.10590099951377656
2324,0.10764841989132161
2323,0.10911933759159795
2322,0.10922334407333716
2321,0.10899481155172797
2320,0.10871562970128544
2319,0.10848931193773616
2318,0.10865745316817767
2317,0.10959085554741167
2316,0.11110850868419649
2315,0.11154411036486532
2314,0.11306372454432055
2313,0.11375197493358145
2312,0.11480843772546097
2311,0.11523559311290739
2310,0.11400490662353863
2309,0.11586330463034815
2308,0.11621697180348073
2307,0.11608013924800051
2306,0.1163946727674728
2305,0.11634340749300029
2304,0.11686981655479099
2303,0.11686966329925554
2302,0.1177049732329758
2301,0.11766142486459195
2300,0.11819699931278912
2299,0.11953422589077849
2298,0.11905622534316346
2297,0.11948068000181904
2296,0.12022201055188603
2295,0.11932685045363982
2294,0.11914903804233587
2293,0.1194449092293727
2292,0.11778954480606567
2291,0.11754899115431593
2290,0.11680595484421831
2289,0.11553034248881355
2288,0.11507379580460014
2287,0.11592680902062388
2286,0.11689361868332002
2285,0.11668554715928957
2284,0.11828185375543232
2283,0.11908385972622945
2282,0.11857528361534103
2281,0.12016777533768004
2280,0.11985040467918129
2279,0.1205770047375253
2278,0.12077453702423956
2277,0.12142829515691186
2276,0.12214472152169682
2275,0.1236153742625979
2274,0.12530457273019147
2273,0.1261026683376658
2272,0.1274697995046004
2271,0.12845259476021564
2270,0.1295062665651694
2269,0.13069017430687635
2268,0.1306297915222837
2267,0.13036805611411736
2266,0.13052098440654564
2265,0.13361029171093308
2264,0.13605162525418815
2263,0.1382856454625026
2262,0.14042627578634223
2261,0.14363359976984735
2260,0.14682652054501466
2259,0.14837161001607285
2258,0.15009232612426152
2257,0.15133699035129922
2256,0.15316012071076238
2255,0.15744756456587902
2254,0.15852828590487222
2253,0.16019020911309265
2252,0.16195775875090937
2251,0.1630599546474496
2250,0.16310567124323833
2249,0.16479958844580217
2248,0.16675241280986983
2247,0.1690104511520943
2246,0.17201447930488004
2245,0.17608176722842125
2244,0.1783054023168481
2243,0.18192965751473025
2242,0.18473483007484617
2241,0.18437210429197112
2240,0.1844195962326973
2239,0.1834245299438287
2238,0.1830805702494033
2237,0.18272718766609428
2236,0.18274125817772485
2235,0.1832787410228952
2234,0.18384621737290138
2233,0.1857454122007926
2232,0.18659787106187545
2231,0.18620134081490333
2230,0.18558918560286133
2229,0.1831740306729659
2228,0.1821032123604618
2227,0.18020268732181696
2226,0.17829764759875485
2225,0.1767488171371746
2224,0.1741201712237514
2223,0.1736017988994943
2222,0.17101201286097445
2221,0.1698501643318738
2220,0.16900753935520504
2219,0.16669188631900733
2218,0.16473583867148683
2217,0.16267628994281333
2216,0.16053003016390371
2215,0.1599960759345907
2214,0.1572806447239754
2213,0.15539507709960834
2212,0.1521934054970101
2211,0.15074051824706602
2210,0.1496970456359016
2209,0.14710668690981177
2208,0.14489108603635711
2207,0.141310073218569
2206,0.13920177125617578
2205,0.13758308693227878
2204,0.13559179906385724
2203,0.13438684083544822
2202,0.13287100702406424
2201,0.13138855283042086
2200,0.12918912926497333
2199,0.1253449183297712
2198,0.12194666717156809
2197,0.11927794519870788
2196,0.1165597353420201
2195,0.11485243920583867
2194,0.11477406125649399
2193,0.11423716419760041
2192,0.11467971209380386
2191,0.11527128733581335
2190,0.11514111008983696
2189,0.11438175808257549
2188,0.11299214876696966
2187,0.11169157769169673
2186,0.10938246193953186
2185,0.10786375098006906
2184,0.10588403262375679
2183,0.10466238794972185
2182,0.10514804517259628
2181,0.10581288044456688
2180,0.10657383335342102
2179,0.10796806535804715
2178,0.10700759553388955
2177,0.10762137850386025
2176,0.10837442712891046
2175,0.10827710500456371
2174,0.10889461606037812
2173,0.10942946506384367
2172,0.11030014117847993
2171,0.11092775466601368
2170,0.11104727893890268
2169,0.11192072429420526
2168,0.11059783076910942
2167,0.11070504750198837
2166,0.11018660501455968
2165,0.1094758143967784
2164,0.10978017852941485
2163,0.10876428939575052
2162,0.10818030219770608
2161,0.10781733074357107
2160,0.10759746572821959
2159,0.10690554715280848
2158,0.10671069776778923
2157,0.10612668455585485
2156,0.10626988455839392
2155,0.10689549144578188
2154,0.10644663940622995
2153,0.10628327961444166
2152,0.10483419317409325
2151,0.10382726050983486
2150,0.1036528421355369
2149,0.10125208956303947
2148,0.1010508152165183
2147,0.09904306599192218
2146,0.09786745741394895
2145,0.09662939550552971
2144,0.09400805345633424
2143,0.09309833277481992
2142,0.09150681058574897
2141,0.0889014682141466
2140,0.08820119067827593
2139,0.08479575618350844
2138,0.08310156590117612
2137,0.0818900071611238
2136,0.08014617444308159
2135,0.07854858445506639
2134,0.0760181116822528
2133,0.0742906605715313
2132,0.0727008938609826
2131,0.06984960561837
2130,0.06932190464759411
2129,0.06830131626551952
2128,0.06819190961840506
2127,0.0690821246377858
2126,0.0677776718792909
2125,0.06572537535367148
2124,0.06326405889587673
2123,0.06263814224029221
2122,0.06093077921078382
2121,0.05947634984595602
2120,0.05881106794409595
2119,0.0595492111015291
2118,0.05886530097448554
2117,0.058969245731440564
2116,0.05759702819442932
2115,0.05603038709927141
2114,0.05600415396732666
2113,0.0572518438873705
2112,0.05683844789561877
2111,0.05642595031665143
2110,0.056340120952351455
2109,0.05640211775096561
2108,0.05510082502544302
2107,0.05554389989413351
2106,0.05594497831625483
2105,0.055914316941545875
2104,0.056890826714678364
2103,0.056925625444600475
2102,0.05725969551219325
2101,0.0577182929376678
2100,0.05761495592328525
2099,0.05779873508821714
2098,0.056705601495020436
2097,0.05635172957775731
2096,0.05498530356409545
2095,0.05286553907152474
2094,0.05211230189531009
2093,0.052331263665204866
2092,0.05374940058549162
2091,0.0558971745472121
2090,0.0564659046339979
2089,0.05727694749332926
2088,0.05628251713384042
2087,0.054438487787492516
2086,0.051936241854593584
2085,0.05011432533365126
2084,0.04787758513069527
2083,0.04813411484170726
2082,0.04768928926926453
2081,0.04749797867295372
2080,0.04807025304242309
2079,0.04916749374142041
2078,0.04822706564470123
2077,0.046867489654611925
2076,0.04614814931847387
2075,0.047261383494039765
2074,0.045819665867519
2073,0.04620269123400606
2072,0.0451295365042677
2071,0.043619177568385806
2070,0.04629250919392491
2069,0.04622161899063506
2068,0.044356703245679904
2067,0.042840032138289665
2066,0.04282585139408185
2065,0.04376345372875377
2064,0.04322946599553973
2063,0.0428671763995169
2062,0.04207023596122309
2061,0.040613412596513854
2060,0.04179459350623824
2059,0.0403622705124983
2058,0.03979473503056707
2057,0.03897835802180291
2056,0.03968030412892908
2055,0.040540004106520686
2054,0.0397620945200358
2053,0.039895767121843624
2052,0.0398600204753232
2051,0.039192925141553946
2050,0.03832897276874505
2049,0.03888151987621183
2048,0.037231475687740635
2047,0.037697290148638936
2046,0.03980561585695141
2045,0.04163824693319627
2044,0.04177724667608516
2043,0.04339088665644192
2042,0.04384580480342528
2041,0.04407134178302449
2040,0.043996962648328905
2039,0.04490881758743784
2038,0.04305200203057308
2037,0.04394487588457373
2036,0.04387581178158189
2035,0.04413544949825471
2034,0.04545781544753974
2033,0.04428576576356084
2032,0.043873909353288144
2031,0.04395673428916049
2030,0.04441912249403017
2029,0.04416006803588472
2028,0.044336816762387814
2027,0.04540387882414057
2026,0.04550936924806227
2025,0.04720178405735305
2024,0.048739128935273476
2023,0.04688852292651548
2022,0.04581028150887003
2021,0.04511945540487147
2020,0.04494369155669693
2019,0.04454698803066122
2018,0.04548361352341149
2017,0.047364779747466945
2016,0.04759664999299317
2015,0.048433871656273886
2014,0.048603536961804056
2013,0.04787806341008801
2012,0.047325752501215144
2011,0.047547010966927775
2010,0.047624889245490916
2009,0.048125022861567654
2008,0.048784499404594214
2007,0.048540380662921635
2006,0.04735184155569764
2005,0.046013630701793845
2004,0.04446523710494337
2003,0.04330256898569247
2002,0.04234461882952047
2001,0.042123421636923196
2000,0.040690280957198004
1999,0.04064923620434205
1998,0.041025511359877136
1997,0.04034777429122063
1996,0.04053087168634289
1995,0.041829823773075175
1994,0.04213838855398215
1993,0.042612306110162784
1992,0.04263535005460772
1991,0.04211228234686982
1990,0.041274841438849665
1989,0.04144071628601276
1988,0.042291662206929446
1987,0.04103003332556743
1986,0.041916338962378
1985,0.04284116679191653
1984,0.04266219922031753
1983,0.04259485749545805
1982,0.04396621929496949
1981,0.04499171239343012
1980,0.04489548913175252
1979,0.044449081459817824
1978,0.04530819375690874
1977,0.04574731237346755
1976,0.04774289049068031
1975,0.047889865868556085
1974,0.04942596131071199
1973,0.050195505977372094
1972,0.05224356725386058
1971,0.0528566792142851
1970,0.051155627987776474
1969,0.052127190958098944
1968,0.054339214223280474
1967,0.05605769911697752
1966,0.057708001295820946
1965,0.05738209261155889
1964,0.05724912780723515
1963,0.05575361417908104
1962,0.05435442915197161
1961,0.05351843664044543
1960,0.05234860009184739
1959,0.05411806908198989
1958,0.05555538303786932
1957,0.05682496668116297
1956,0.05818871321771106
1955,0.05817199944560885
1954,0.05916524064786169
1953,0.059559408044911305
1952,0.05924246966847641
1951,0.05945674583661762
1950,0.05822693041275236
1949,0.05786101299128816
1948,0.056742972116708916
1947,0.05651174499689795
1946,0.056380081221238366
1945,0.05653847990072267
1944,0.058219444609534515
1943,0.05883820562319336
1942,0.059638534960213214
1941,0.06025889526516532
1940,0.06024287809151034
1939,0.060221931744842805
1938,0.058115662225592564
1937,0.056358526662492844
1936,0.05541755784635246
1935,0.05494617702042971
1934,0.05539858627520697
1933,0.05629750531172494
1932,0.057394261627025864
1931,0.05847940288634852
1930,0.05928940348400908
1929,0.05898091331861915
1928,0.05674783080343677
1927,0.05578121576857096
1926,0.055595874092937904
1925,0.05500961957506487
1924,0.05449134917311073
1923,0.05548935958613005
1922,0.05574136477135644
1921,0.054639140549301225
1920,0.05323150183687921
1919,0.05129698068282192
1918,0.050026975412223486
1917,0.0500873424190654
1916,0.04939640381641845
1915,0.04998742671434902
1914,0.05132771055926755
1913,0.0536164718435795
1912,0.05577786552320398
1911,0.05552004331575948
1910,0.056519815906449826
1909,0.056380040116670985
1908,0.0569699115498493
1907,0.05708974425677039
1906,0.05528312654789172
1905,0.05530899932452591
1904,0.05572473537578764
1903,0.055902091502152425
1902,0.055586930566565086
1901,0.05559704735828248
1900,0.055458562317659436
1899,0.05669193003211075
1898,0.05770401472907677
1897,0.05839652866428806
1896,0.05774006364135479
1895,0.05888059946553797
1894,0.059670411856569426
1893,0.05947592760553732
1892,0.059186528918766086
1891,0.059024271992308336
1890,0.0582891619052918
1889,0.05893687335081416
1888,0.058530358880831676
1887,0.05911323606694045
1886,0.057519500664642585
1885,0.055988884665587636
1884,0.05582159978586022
1883,0.056490715773019846
1882,0.05742750666696873
1881,0.05740473021967578
1880,0.05822255730929409
1879,0.05927602747095451
1878,0.059054469280937875
1877,0.058770131803469135
1876,0.05685245776134622
1875,0.05563207342986195
1874,0.056368855087888775
1873,0.056458281626902286
1872,0.05635913888094026
1871,0.05632894199640643
1870,0.055974041997121526
1869,0.05528928774871598
1868,0.05276433116302368
1867,0.05283889016612242
1866,0.05233762915806574
1865,0.050861817489005846
1864,0.049651131768340726
1863,0.04834560704408854
1862,0.047709047580735436
1861,0.047713126121923397
1860,0.0466900066117444
1859,0.04709270745908837
1858,0.04678472466975167
1857,0.04726838151676134
1856,0.04698083575348984
1855,0.04490477222809641
1854,0.043011552003983745
1853,0.04262836592346335
1852,0.042439089883461664
1851,0.04313677843196837
1850,0.0429613969723018
1849,0.04402583599946677
1848,0.04349217530158753
1847,0.04244559188318369
1846,0.04264524860786841
1845,0.042424998659914934
1844,0.04162436033749206
1843,0.04233707568523602
1842,0.04265972287196071
1841,0.04361200169059071
1840,0.044975861013558084
1839,0.045502302333205125
1838,0.04551910757390431
1837,0.044351475253185495
1836,0.043960278237064714
1835,0.04368723604806792
1834,0.04311530938408562
1833,0.04303734687708133
1832,0.04289583621713988
1831,0.04391180009771371
1830,0.044605640407054586
1829,0.046299408131836195
1828,0.04635140470718253
1827,0.0451220137068421
1826,0.04555824156237909
1825,0.04624057458806227
1824,0.04732387990706667
1823,0.04765270633847274
1822,0.04701347500623359
1821,0.04824958314674221
1820,0.04628526057559452
1819,0.047881465978260505
1818,0.04634800757592022
1817,0.04535717670173818
1816,0.04544443671379645
1815,0.046012165164208876
1814,0.045172766137219635
1813,0.044013242720860275
1812,0.0449807280184376
1811,0.04604905439028043
1810,0.045369901140025336
1809,0.04609313458694953
1808,0.045616487708152215
1807,0.04565831255029301
1806,0.04478939223886358
1805,0.04436086529649766
1804,0.04385151203989032
1803,0.043616289985707456
1802,0.04571639292906987
1801,0.04524472855412007
1800,0.044427803781696765
1799,0.04287210882571797
1798,0.04282813607027284
1797,0.04286412575728902
1796,0.041920576999322175
1795,0.04180886548583654
1794,0.041753743941085227
1793,0.041221993787730726
1792,0.04225046156349794
1791,0.04182149377599777
1790,0.04057320918846878
1789,0.04037000090876397
1788,0.04097756170016426
1787,0.040857962106323815
1786,0.04231795761438892
1785,0.043925711539534326
1784,0.04459764166678111
1783,0.045611792969361895
1782,0.048121729040319645
1781,0.050444264543748264
1780,0.05205263754863192
1779,0.05514008193115092
1778,0.05961776369699863
1777,0.064871871702261
1776,0.07086231878293861
1775,0.0781035673317763
1774,0.08552717167865886
1773,0.09512607554036406
1772,0.10512546948798342
1771,0.1175148178735331
1770,0.12997555220656562
1769,0.1461880880883274
1768,0.16548191346437796
1767,0.18536587726982462
1766,0.20552733164221856
1765,0.2296782955047263
1764,0.25476759762706164
1763,0.28230412009569145
1762,0.3115256273304684
1761,0.34144061990215974
1760,0.3721527464996063
1759,0.404605901171797
1758,0.43659997074394213
1757,0.46650534703346547
1756,0.49518046974736546
1755,0.5240661581506308
1754,0.550457232038471
1753,0.5767329212002226
1752,0.600651344363534
1751,0.6201417152997283
1750,0.6370927371790874
1749,0.6501489465969837
1748,0.6595300297228833
1747,0.6646162051654426
1746,0.6637601980237282
1745,0.6597847094842462
1744,0.6517718631361725
1743,0.6412788930870325
1742,0.6269963536234308
1741,0.6088770523560447
1740,0.5870119217138445
1739,0.5648161859364383
1738,0.5396231179873638
1737,0.5127342281104262
1736,0.48238555800818383
1735,0.45214335199376443
1734,0.4223551721194411
1733,0.3927808445313856
1732,0.36422658927983154
1731,0.33588841704374817
1730,0.30936741498416026
1729,0.2843220734279129
1728,0.26040341671578143
1727,0.2383021158410589
1726,0.2182735024569797
1725,0.20146107449714815
1724,0.18602778928539504
1723,0.17143881676680553
1722,0.15990765770665064
1721,0.1500177383832518
1720,0.1406444504563826
1719,0.13257851485944905
1718,0.12763536175061532
1717,0.12286594645923012
1716,0.11927195721721189
1715,0.11748328796180926
1714,0.11599739076160598
1713,0.11573023491269095
1712,0.11728679899091617
1711,0.11753670688913054
1710,0.11707883970411564
1709,0.11754344119378471
1708,0.11841359061937323
1707,0.1196760972316285
1706,0.12133788996572448
1705,0.12258695512106241
1704,0.1258688239836944
1703,0.1287115810719024
1702,0.13102136652549076
1701,0.13225434432669364
1700,0.13351784653476467
1699,0.13736869993055803
1698,0.14138298750616568
1697,0.1455616685265209
1696,0.14949679317326164
1695,0.15228557692830955
1694,0.15496312693310071
1693,0.15717452145051655
1692,0.15858791202296468
1691,0.15961556714393735
1690,0.16170389232060456
1689,0.16500453263756762
1688,0.16806737954268497
1687,0.169914804765294
1686,0.17168182138019394
1685,0.17259750410266456
1684,0.17274725468080113
1683,0.17462070011266928
1682,0.17561939886575312
1681,0.17795400787895543
1680,0.1800695483182491
1679,0.18286278776628512
1678,0.18517907205026124
1677,0.18599046872855932
1676,0.18658003857924066
1675,0.18685124038663467
1674,0.18717352884689248
1673,0.1880414218708813
1672,0.18766799568345827
1671,0.1878384126195415
1670,0.18795941568471952
1669,0.1888744955046399
1668,0.1889718436890673
1667,0.18897053367825994
1666,0.18970913071648254
1665,0.19006433385297963
1664,0.19028145586080802
1663,0.19061315502360898
1662,0.1901139262416442
1661,0.1898511672527825
1660,0.1881964736675609
1659,0.18773868290279724
1658,0.18741756025410589
1657,0.18616174876316885
1656,0.18571825512278575
1655,0.18417088224701625
1654,0.1841237632375314
1653,0.18450073823935587
1652,0.18618127193483955
1651,0.1858521863057796
1650,0.1848238751993298
1649,0.18558492139885366
1648,0.18514060362283605
1647,0.18471875039810995
1646,0.1834943006948881
1645,0.182388838168186
1644,0.181947646771443
1643,0.18131554791159635
1642,0.17986835295172765
1641,0.17862411452094576
1640,0.17818347353951952
1639,0.17937177818802671
1638,0.1806813963526944
1637,0.18168729287398405
1636,0.18041306721652103
1635,0.18153376527495674
1634,0.1820933991104874
1633,0.18167830358436518
1632,0.18059126760368677
1631,0.18101226535722695
1630,0.18098180918160534
1629,0.18360603504636963
1628,0.18536133389721912
1627,0.1848874790657835
1626,0.18349817636146734
1625,0.1838368475130017
1624,0.18308913177059763
1623,0.1810248682356934
1622,0.17952140593765
1621,0.17828274481835796
1620,0.17808802116127156
1619,0.17833134819699847
1618,0.17819896059295687
1617,0.1763276193434006
1616,0.17509563644671686
1615,0.1757197513285568
1614,0.17437607756104206
1613,0.1724438170939525
1612,0.1703082774238087
1611,0.16782005180854803
1610,0.16612295432774393
1609,0.1633214005494039
1608,0.16062187123701488
1607,0.1568573643752468
1606,0.1547727197526758
1605,0.15411178666165093
1604,0.15157758444392794
1603,0.14973808751114
1602,0.1470696858752729
1601,0.14395496647535375
1600,0.14214445451271887
1599,0.14076860497829347
1598,0.13777455584048653
1597,0.13457496668452665
1596,0.13270840756265373
1595,0.12946533498715834
1594,0.12558947741123935
1593,0.123412422523918
1592,0.11982486111820513
1591,0.11487327154750243
1590,0.11189920916287646
1589,0.10938206109564619
1588,0.1055865401411388
1587,0.1028676898433385
1586,0.10116567727728581
1585,0.09677977500775947
1584,0.09381509913076
1583,0.0927717567829589
1582,0.09007545905955405
1581,0.08735831515505267
1580,0.08430999368936914
1579,0.081418372279015
1578,0.07941236621434483
1577,0.07714622257596306
1576,0.07616221846027854
1575,0.07352010678657386
1574,0.07293281455844546
1573,0.07222518172284405
1572,0.07117926807340086
1571,0.07015753137341353
1570,0.06835069964433761
1569,0.06730159609883085
1568,0.06631372122566179
1567,0.06604166588508992
1566,0.06705998689981914
1565,0.06586653326917773
1564,0.0664876569102372
1563,0.06778306909055658
1562,0.06821720872241735
1561,0.06933851546992872
1560,0.07029267040264582
1559,0.07107115988371356
1558,0.07221050976151581
1557,0.07418132507264534
1556,0.07523540943524815
1555,0.07497399776905345
1554,0.07634411963406869
1553,0.07795284127237716
1552,0.07864655874284272
1551,0.07992059127646041
1550,0.08100320035695813
1549,0.08412532046564734
1548,0.0870937155823731
1547,0.09005080256384773
1546,0.09285767464640657
1545,0.09575820280063467
1544,0.09788634020823017
1543,0.09987596234594456
1542,0.10256961242728177
1541,0.10309146016286852
1540,0.10446782511157084
1539,0.10745228158483842
1538,0.10855069836472266
1537,0.10954828471945535
1536,0.11118779284003408
1535,0.11222858611886913
1534,0.11293538785016247
1533,0.11593989318435649
1532,0.1184618175307587
1531,0.11822848616042922
1530,0.11874757149826798
1529,0.12001355403927107
1528,0.11935035711276216
1527,0.12015226525173017
1526,0.11977789430941344
1525,0.11941575174736573
1524,0.11861310420804294
1523,0.11986235569218182
1522,0.12125803752214788
1521,0.12094600379799161
1520,0.1201997878732588
1519,0.12038234565858871
1518,0.1194890854425505
1517,0.11953149722009822
1516,0.11843640650998274
1515,0.11664446304438796
1514,0.11429797379680687
1513,0.11319104931752101
1512,0.1125151794903045
1511,0.11245577792629213
1510,0.11120047602274623
1509,0.11188480956680544
1508,0.11217435627796865
1507,0.11242363636159834
1506,0.11357433498610399
1505,0.11347749087256143
1504,0.11424568786442835
1503,0.11535877041516657
1502,0.11617802589456772
1501,0.11821961087120907
1500,0.11829495509521973
1499,0.1179826559678706
1498,0.11923733992601766
1497,0.12170591679240304
1496,0.1241797503930407
1495,0.1255257707311493
1494,0.1275764184445953
1493,0.1306359691157447
1492,0.13376325500032557
1491,0.13640555193263512
1490,0.13814793174570136
1489,0.13968116664650432
1488,0.14457972322470602
1487,0.14796250155699675
1486,0.15020580380045453
1485,0.1512579767755483
1484,0.1523992001665364
1483,0.15607917418616385
1482,0.16027186455430487
1481,0.16335338008315176
1480,0.1667608647968986
1479,0.17040006996392434
1478,0.17376358338736875
1477,0.1745764527281931
1476,0.17718058819388977
1475,0.17720317401715013
1474,0.17741612644276622
1473,0.17826409864536755
1472,0.17855238926556283
1471,0.1772771029361193
1470,0.17610700670876242
1469,0.17404711932688396
1468,0.1722485949391401
1467,0.1715309858183016
1466,0.17097373031302332
1465,0.16894800570110544
1464,0.1673998927837293
1463,0.16397032085341767
1462,0.16125855530665334
1461,0.15662706168975457
1460,0.15370181106951256
1459,0.15128420913587987
1458,0.14873362121962055
1457,0.1459066118094252
1456,0.14199547219733927
1455,0.14068930132233126
1454,0.13806760918382333
1453,0.13255200335245834
1452,0.12862745272857018
1451,0.125003194224321
1450,0.12257073614163774
1449,0.12117547913270349
1448,0.1166828454182831
1447,0.11241183697053171
1446,0.10944494283475771
1445,0.10933604511491717
1444,0.10689764449483738
1443,0.10424037508293538
1442,0.10330981339145347
1441,0.10313387774877877
1440,0.10212494688823118
1439,0.10246354827408043
1438,0.10007777130939553
1437,0.09928798344756178
1436,0.0999401534587203
1435,0.10145633527122014
1434,0.1027946767568366
1433,0.10392004308219424
1432,0.10451894021798322
1431,0.10515132187540722
1430,0.10772716497324783
1429,0.10901747750470679
1428,0.11051041575785203
1427,0.11344044348824192
1426,0.11634264976035247
1425,0.11983656823234118
1424,0.12326291274073982
1423,0.12537991936948234
1422,0.12670906602502097
1421,0.12804222965493867
1420,0.13190787826081873
1419,0.13329993332798787
1418,0.13469760627522984
1417,0.13612796525478718
1416,0.1365403267088972
1415,0.13763710915891433
1414,0.13945598316136235
1413,0.14096729431683006
1412,0.14213972435516878
1411,0.1440077911167402
1410,0.14777398236056735
1409,0.14915015254151928
1408,0.14923802972909936
1407,0.14943498888090043
1406,0.15013493779590237
1405,0.15116374086866402
1404,0.15153531479512689
1403,0.15197372479345198
1402,0.15253971877548306
1401,0.15262958749132008
1400,0.1532792021841287
1399,0.15221117854637853
1398,0.15188775771958202
1397,0.1502057841488872
1396,0.15017542812257687
1395,0.15055589763096103
1394,0.15070909393473164
1393,0.1513201640039957
1392,0.15129513631158978
1391,0.15049175250480384
1390,0.14990220470307336
1389,0.1501219635238183
1388,0.14923679775908413
1387,0.14653460199103907
1386,0.14492283271163056
1385,0.14473065640880453
1384,0.14469255109720916
1383,0.14379841818924938
1382,0.1422890977832544
1381,0.14133092881823764
1380,0.14091519751416975
1379,0.13920047071533534
1378,0.1370686609653266
1377,0.13534022887965114
1376,0.13315974230284638
1375,0.13105206940125044
1374,0.12876352886887685
1373,0.1268801091046295
1372,0.12457584408994755
1371,0.12283245163860754
1370,0.1217280663631451
1369,0.1202316412817985
1368,0.11960431872580425
1367,0.11984063359714728
1366,0.11822619353195912
1365,0.11578471497950442
1364,0.1148611584829483
1363,0.11388447006551491
1362,0.112103632000394
1361,0.11010378026507933
1360,0.10868799812449786
1359,0.10721312250918531
1358,0.10597956772546605
1357,0.1047156558870853
1356,0.10248986986683362
1355,0.10235713235661445
1354,0.10280377798167131
1353,0.10405690096105237
1352,0.10515937340869318
1351,0.10731434378418696
1350,0.10813711970518407
1349,0.10977918339524274
1348,0.11019092862852355
1347,0.11014898031614563
1346,0.11030954561311249
1345,0.11178855788723414
1344,0.11137157468622724
1343,0.11144727541084885
1342,0.11220191012172993
1341,0.11275146248657753
1340,0.11333953311605065
1339,0.11357157469440493
1338,0.11385348964555343
1337,0.1141560667229046
1336,0.11471344066017626
1335,0.11654278653874262
1334,0.11660404799589262
1333,0.11673535688931509
1332,0.11798831119540215
1331,0.1181291474979541
1330,0.11879610982639716
1329,0.11659870195033016
1328,0.11647263288493569
1327,0.11395080965271817
1326,0.1126512734270904
1325,0.11149375741082536
1324,0.1104584720266028
1323,0.11021824912628632
1322,0.10978176169462706
1321,0.10957500551630658
1320,0.10906349440499664
1319,0.10741305814089089
1318,0.1074915630752257
1317,0.10461413750387362
1316,0.10262019148442678
1315,0.10103605014357081
1314,0.0992228875309173
1313,0.09671750351084539
1312,0.09402037571009345
1311,0.09179848532543146
1310,0.08943858259898183
1309,0.08801780488486906
1308,0.0881215700265466
1307,0.08549646304320056
1306,0.08397652052413275
1305,0.08354548621765502
1304,0.08186744966670043
1303,0.08024876525507876
1302,0.07951876251791937
1301,0.07886122858049037
1300,0.07775620334021677
1299,0.07789878440513605
1298,0.07803006098761489
1297,0.07636672514733434
1296,0.07431067951187473
1295,0.07415594247485027
1294,0.07226232283917258
1293,0.07178332837410385
1292,0.07308535370358754
1291,0.07313755410984772
1290,0.07400605885619209
1289,0.07383809503865903
1288,0.07386793487112478
1287,0.07494205618821899
1286,0.07534466820632396
1285,0.07677266923796008
1284,0.07890133441204669
1283,0.08258947619171483
1282,0.08508570843788335
1281,0.08702103340631068
1280,0.09127639177854313
1279,0.09318950281921792
1278,0.09634543755185113
1277,0.10095146978994526
1276,0.10395199742787578
1275,0.10606976496480314
1274,0.10980453524776651
1273,0.11322735878707628
1272,0.11611209454543997
1271,0.1185814188279102
1270,0.12340527474747247
1269,0.12677420192260525
1268,0.13015482956853158
1267,0.13370303756576352
1266,0.13676710838146483
1265,0.13965338444154002
1264,0.14324357904891635
1263,0.14758579902436172
1262,0.15118568525895162
1261,0.15465628305965087
1260,0.15768679683441011
1259,0.15909456674887143
1258,0.16073316777401234
1257,0.16148212643088483
1256,0.16363403292339834
1255,0.1651874423132012
1254,0.1676410373883802
1253,0.171602368995128
1252,0.17494892538384202
1251,0.17851809600526086
1250,0.1797697874216948
1249,0.1809064897398638
1248,0.18246174061759912
1247,0.18248761348705772
1246,0.18185498449846452
1245,0.18101594886754235
1244,0.18224761090491812
1243,0.1831955947149362
1242,0.1842159528411607
1241,0.18468997630550787
1240,0.18510638476373803
1239,0.18580959091442006
1238,0.18655333334090746
1237,0.18703295142870394
1236,0.1863030298660324
1235,0.18616753472136013
1234,0.18629755663497347
1233,0.184954784496578
1232,0.1849497134195475
1231,0.18312615876261168
1230,0.18156267599073664
1229,0.18065904881723782
1228,0.1796197419856328
1227,0.17911668885756138
1226,0.17818030455425732
1225,0.17764126227580346
1224,0.17813091804910428
1223,0.17812759314434642
1222,0.1778158468557132
1221,0.17587298605613322
1220,0.17398532683017823
1219,0.1722181839632591
1218,0.17039786831824147
1217,0.16790095353896553
1216,0.1653999645114965
1215,0.1636805098345971
1214,0.16363147256931282
1213,0.16294343061979133
1212,0.16194157709650656
1211,0.16019729520564757
1210,0.1590785868240874
1209,0.1573895351522242
1208,0.15665433845451807
1207,0.15419411400821206
1206,0.15181200527472358
1205,0.15030899382750057
1204,0.1488922735911959
1203,0.14917680423747587
1202,0.150064589084476
1201,0.14968277542031413
1200,0.15023006819649723
1199,0.1488880605209319
1198,0.14876350201810665
1197,0.14628870929591808
1196,0.14519290003019
1195,0.14418982411004488
1194,0.14353940438685475
1193,0.14424865836571077
1192,0.14628022977300292
1191,0.14686015374144937
1190,0.14911384318413984
1189,0.15046672247168508
1188,0.15246022335564124
1187,0.15373203603350008
1186,0.15669523881100866
1185,0.15725197726933687
1184,0.15724707783171107
1183,0.15724821436196743
1182,0.15907479946487865
1181,0.15885862693547553
1180,0.15964027686464885
1179,0.16147710016323064
1178,0.1644290901356367
1177,0.16710079237334954
1176,0.1707892804307995
1175,0.1729084067568478
1174,0.17421039728392668
1173,0.17497424441687476
1172,0.17671725796837928
1171,0.17703498985395824
1170,0.1774622976320023
1169,0.17826716778336638
1168,0.18041431298024613
1167,0.18247492851863395
1166,0.18683659735697197
1165,0.1899752526152879
1164,0.19213303416940994
1163,0.1918633850009411
1162,0.19422320791421976
1161,0.1943700093802628
1160,0.19452239093777726
1159,0.1934228189226251
1158,0.19350925295514385
1157,0.19378140680855468
1156,0.1952234718946752
1155,0.19594557595562967
1154,0.19670450403565282
1153,0.19759054316704766
1152,0.1996316778421451
1151,0.20049292416238268
1150,0.20344790682280328
1149,0.20559009681173562
1148,0.20742350323260061
1147,0.20847644130511236
1146,0.21036788102852
1145,0.21241169669875679
1144,0.21361870363126156
1143,0.21645859490786568
1142,0.21705417903219176
1141,0.21861245158444065
1140,0.22151800595999582
1139,0.22366970882423876
1138,0.22505938772614154
1137,0.22565385285435588
1136,0.2273731692719775
1135,0.23010259173471956
1134,0.23166673183250922
1133,0.2348442672367972
1132,0.23550576466013437
1131,0.23671884081896258
1130,0.23846540133363947
1129,0.2395967526170367
1128,0.239830367371637
1127,0.23917595197410949
1126,0.23970493095233492
1125,0.24186302570495863
1124,0.24236407179807817
1123,0.2424827298037966
1122,0.24070876464229568
1121,0.24090645884339443
1120,0.23976465535181157
1119,0.23831043827893789
1118,0.2361164999408859
1117,0.23542718089360112
1116,0.2351852385657088
1115,0.23539604674702302
1114,0.2350201796438231
1113,0.23195072798607153
1112,0.2298265675730609
1111,0.22841914297910695
1110,0.2237703979124182
1109,0.22318271659492483
1108,0.21967400798348774
1107,0.2186012272040165
1106,0.21609997264668476
1105,0.21398090402667105
1104,0.21169256803686815
1103,0.20719485662161272
1102,0.20316398512236386
1101,0.19960527018406238
1100,0.19480791254928723
1099,0.19388640164026244
1098,0.19026528399640913
1097,0.18828506233698256
1096,0.1851780512447704
1095,0.18402172169603653
1094,0.1826015668523724
1093,0.1817961780121125
1092,0.18021229921925194
1091,0.17982128732912978
1090,0.17826205774073
1089,0.17942118543087895
1088,0.17962067571282175
1087,0.1794388186314937
1086,0.17867559242921166
1085,0.18006386693205828
1084,0.17947525146498447
1083,0.1796897187159914
1082,0.17867543290765447
1081,0.17804039329078186
1080,0.17734797781402298
1079,0.17789532383548348
1078,0.17732182978370847
1077,0.1768003190897924
1076,0.1768273898304904
1075,0.1780605507435461
1074,0.17877359504710325
1073,0.17988482661262845
1072,0.17927720501048136
1071,0.17887112736452415
1070,0.17841296717499341
1069,0.17907714035554467
1068,0.1787080304524265
1067,0.17853268074343834
1066,0.17817765533358182
1065,0.17748205068146644
1064,0.17823944195109048
1063,0.17790107474363373
1062,0.1776834697229141
1061,0.17837672445840566
1060,0.18030413089846778
1059,0.18254194952823027
1058,0.18534978157956233
1057,0.18642308241127012
1056,0.18730473769380332
1055,0.18734809090087054
1054,0.18970897974740042
1053,0.19242945078150694
1052,0.19621807178852788
1051,0.20161674878849456
1050,0.20638238350807186
1049,0.2114882739344351
1048,0.21794251935921552
1047,0.221255814739433
1046,0.22632563490128083
1045,0.22902550595638632
1044,0.23228707175222682
1043,0.23506833474328206
1042,0.23756419090190745
1041,0.23965216895367872
1040,0.24129381811461545
1039,0.24403393756990938
1038,0.24719350391327316
1037,0.2497953896197677
1036,0.2517512789335523
1035,0.25326190904603274
1034,0.2529069136223277
1033,0.25269561406352853
1032,0.25046287734927986
1031,0.24871354494917253
1030,0.24874576017890218
1029,0.24758860782140305
1028,0.2478332503197579
1027,0.24637844663875416
1026,0.24370103227820666
1025,0.24153446783833626
1024,0.2370867128256392
1023,0.23344160108087228
1022,0.22854232244032457
1021,0.22584266762223987
1020,0.22180906108422882
1019,0.21664903853702103
1018,0.21231936619099745
1017,0.2073857107567221
1016,0.20157267496365622
1015,0.19728710585799775
1014,0.1941519762043012
1013,0.19239552155178058
1012,0.19099712123749546
1011,0.18986971589558935
1010,0.1866634990202165
1009,0.18327464643473398
1008,0.18072121363855148
1007,0.17720222620883855
1006,0.17307574537936393
1005,0.17182617018340943
1004,0.17005264661067404
1003,0.16822152732399606
1002,0.16587079531973495
1001,0.1651457654125596
1000,0.16492608184786847
999,0.16413037956544985
998,0.16473450857098235
997,0.16294536783956742
996,0.16312068350793196
995,0.1629288507701781
994,0.16086998172085892
993,0.16018805233018182
992,0.15875971658068172
991,0.15810502975526888
990,0.15669299842885487
989,0.15555216591387627
988,0.15515052787164488
987,0.15154981896898356
986,0.14924980941280291
985,0.14673841435616813
984,0.14581833982046555
983,0.14618249759355675
982,0.14482856278674777
981,0.14466740673016476
980,0.1434197221205374
979,0.14324534605383965
978,0.14192540831255054
977,0.13957446110250613
976,0.13745178102893893
975,0.1368828004019331
974,0.13561900375027056
973,0.13339207604083353
972,0.13215035348553392
971,0.13169468226149872
970,0.12979232119524706
969,0.12909401555231237
968,0.12874652274178067
967,0.12958974513002713
966,0.12963473270919693
965,0.12999782395758094
964,0.12913922467551575
963,0.1290673115927193
962,0.12919056695454328
961,0.12845030815171074
960,0.12938506491925983
959,0.12873490348475444
958,0.12884449388069397
957,0.1288753926338515
956,0.1280439896888389
955,0.12867506969905615
954,0.12890249464554965
953,0.12860020223906773
952,0.12784471645641457
951,0.1263182028965836
950,0.12702443606996827
949,0.12529510691320192
948,0.12463981313694414
947,0.12391842353440759
946,0.12289790198941251
945,0.1225032304045811
944,0.12120771866807027
943,0.11971540050658225
942,0.11846418212796989
941,0.11688883049394344
940,0.11592339924541087
939,0.11374837001859577
938,0.11306258185100035
937,0.11283218481016472
936,0.11164492812304287
935,0.11155576641394059
934,0.11033827967422999
933,0.11011701114118042
932,0.10952979111164825
931,0.1099900656670818
930,0.10798069809338927
929,0.1076085031147073
928,0.10863276654366837
927,0.10913900537335702
926,0.10976320487248138
925,0.1099840139718827
924,0.10951738915655496
923,0.1112158529686683
922,0.11106992585827193
921,0.11131602970641695
920,0.11024568875979077
919,0.11124485413811257
918,0.11198559018485875
917,0.11470908922643795
916,0.11603174126468796
915,0.11806502490898883
914,0.1197851147450257
913,0.12228786233010107
912,0.12323195721503787
911,0.12465692186273038
910,0.1252030539962946
909,0.12670922847057736
908,0.12855305974606507
907,0.1317049245392454
906,0.13230710527990366
905,0.13398041184501142
904,0.13280645081621886
903,0.13243152574931025
902,0.1320464424061035
901,0.13237953047594792
900,0.13038881123822418
899,0.12970171673563305
898,0.12762289211261416
897,0.1255314011866736
896,0.12368854734327257
895,0.12091949331603932
894,0.11639369631248822
893,0.11261422357864256
892,0.11016317274313801
891,0.10727806478705827
890,0.10412807399994295
889,0.10222054919123152
888,0.09968227031238719
887,0.09755226838887454
886,0.09641476410157694
885,0.09549011237058805
884,0.0942816393978588
883,0.09278753960783885
882,0.0918641193846059
881,0.08997094724173287
880,0.08856901537259511
879,0.08861239190638741
878,0.0866403288324146
877,0.08533865821994735
876,0.08544857188529752
875,0.08648607973595744
874,0.08683803335306667
873,0.08766784346682997
872,0.08752067465953525
871,0.0884166167884299
870,0.08939853575644914
869,0.09123125893682056
868,0.09242175642539166
867,0.09431492316065053
866,0.09634165579152296
865,0.09751403219013788
864,0.10007128087139537
863,0.10091287700457259
862,0.10045957670429836
861,0.10111840577900162
860,0.1015210735483629
859,0.10286932127463078
858,0.10455748747877272
857,0.10468114574013726
856,0.10585341354231433
855,0.10581732290922012
854,0.10754461165540523
853,0.10807729881706872
852,0.10720865334541836
851,0.10623482226367337
850,0.10588937024643523
849,0.10542627041094726
848,0.10388900997550132
847,0.10234222201741809
846,0.10250014631998357
845,0.10291991507257908
844,0.10419556131953792
843,0.10597966475353256
842,0.10585571346391374
841,0.10659080947305118
840,0.10667248310652419
839,0.10493908650846688
838,0.10279383908006397
837,0.10167960535662549
836,0.1020985125307225
835,0.10285577426838435
834,0.1026615753394725
833,0.10457775289227125
832,0.1052971527477607
831,0.10717816476635157
830,0.10833574699139849
829,0.10881828427381515
828,0.10900889373103208
827,0.10923024711673203
826,0.11039207937184492
825,0.11168323505669144
824,0.11315257444462323
823,0.11629265248613553
822,0.11744306086957611
821,0.11971516964245502
820,0.11992809750414515
819,0.12128914156859091
818,0.12028226840646582
817,0.11950134711711363
816,0.11941420743165851
815,0.12058907534396548
814,0.12137328532728967
813,0.12166883900244903
812,0.12238836217701896
811,0.1225380605310191
810,0.12093269208052224
809,0.11846301116950532
808,0.11541759056921
807,0.11178847932952667
806,0.10801974761652287
805,0.10574079358243885
804,0.10257436059576763
803,0.10006607722971883
802,0.0985899154626514
801,0.09851984727292451
800,0.10022984463889734
